t,name,guiname,slider,description,flags,introduce,cancel,raise,lower,department,mincost,maxcost,cost multiplier,implementation,minincome,maxincome,incomemultiplier,,,,,,,,,,,
#,AdultEducationSubsidies,Adult Education Subsidies,default,Adult education subsidies are a way to encourage people to re-train and continue their education after they have joined the workforce. This includes evening classes and distance learning resources. These schemes help to raise the overall educational level of the workforce.,,10,20,2,5,PUBLICSERVICES,160,300,,2,0,0,,#Effects,"Education,0.04+(0.04*x),4","WorkerProductivity,0.02+(0.02*x),4",,,,,,,,
#,AgricultureSubsidies,Agriculture Subsidies,default,"For strategic reasons some governments are happy to pay subsidies to farmers to ensure the security of the nation's food supply. This goes against free market economics and can also be very expensive, but it does safeguard jobs (and votes) in agricultural communities.",,5,25,10,10,ECONOMY,120,2800,,4,0,0,,#Effects,"Capitalist,0.00-(0.08*x)","Unemployment,0.00-(0.17*x)","Farmers,0.10+(0.50*x)","Farmers_freq,0.02+(0.18*x),4","Farmers_income,0+(0.35*x)","Health,0-(0.04*x),4",,,,
#,AirlineTax,Airline Tax,tax,Airline fuel has generally not been subject to taxation. Supporters of air fuel taxes insist that this results in an unfair subsidy on an environmentally destructive form of transport. The airlines point out that taxing airline fuel will just encourage them to refuel elsewhere thereby diverting funds from our economy.,,25,15,15,5,TAX,0,0,,1,115,7015,"AirTravel,0+(1.0*x)",#Effects,"Capitalist,0.00-(0.06*x)","Environmentalist,0.05+(0.10*x)","GDP,0.00-(0.05*x),2","AirTravel,0-(0.3*x),4","_MiddleIncome,0-(0.02*x)",,,,,
#,AlcoholLaw,Alcohol Law,alcohollaw,"An alcoholic beverage is a drink that contains a substantial amount of ethanol, a depressant which in low doses causes euphoria, sociability, and reduced anxiety. In higher doses alcohol causes intoxication, stupor and unconsciousness.",,10,10,5,5,LAWANDORDER,0,0,,1,0,0,,#Effects,"AlcoholUse,-0.05-(0.45*x),8","DrugCrimeRate,0.5*(x*AlcoholUse),4","Parents,0.1+(0.1*x)","Young,-0.1-(0.1*x)","Conservatives,0.2*(x^4)","Liberal,-0.2*(x^4)","Religious,0+(0.1*x)",,,
#,AlcoholTax,Alcohol Tax,tax,"Medically there is a clear case for the government to tax alcohol in order to discourage consumption because of its negative effects on health and its possible links to social breakdown. On the other hand, those who drink socially see the government benefiting from such a tax to be hypocritical.",,5,10,10,5,TAX,0,0,,1,0,8050,"AlcoholUse,0+(1.0*x)",#Effects,"AlcoholUse,0-(0.1*x),8","PovertyRate,0.1*(AlcoholUse*x)","Poor,0-(0.2*x)",,,,,,,
#,AntibioticsBan,Antibiotics Ban,default,"Ranchers and farmers have been feeding antibiotics to livestock since they discovered decades ago that small doses of antibiotics administered daily make most animals gain additional weight. Although conclusive evidence directly linking the use of drugs in food animals to an increase in drug-resistant bacteria has not been uncovered, a number of recent studies suggesting such a link concern many scientists. Banning antibiotics leads to decreased meat production but ensures consumer safety.",,5,10,5,5,WELFARE,20,50,,2,0,0,,#Effects,"Health,0.01+(0.04*x),8","FoodPrice,0.05+(0.10*x),16","Environmentalist,0.05+(0.05*x)","Capitalist,-0.01-(0.04*x)",,,,,,
#,AntiGravityResearchGrants,Anti-Gravity Research Grants,research,"While expensive and elusive, Anti-Gravity Research could lead to new means of transport, radically reducing the costs involved in shipping goods from one place to another.",,10,20,2,2,TRANSPORT,240,3200,,20,0,0,,#Effects,"Unemployment,0.00-(0.02*x),2","Technology,0.02+(0.05*x),5","WorkerProductivity,0.03+(0.05*x),8",,"TrafficCongestion,0-(0.17*x),8",,,,,
#,ArmedPolice,Armed Police,armedpolice,Arming police officers can be an effective strategy in deterring crime and maintaining order. Opponents would argue that it encourages criminals to use firearms in a 'criminal arms race'. Critics also worry that arming the police will distance them from law-abiding citizens.,,5,10,5,5,LAWANDORDER,300,960,,3,0,0,,#Effects,"CrimeRate,-0.10-(0.10*x)","ViolentCrimeRate,0.00-(0.20*x)","Liberal,-0.05-(0.05*x)","_security_,(0.025+0.035*x)",,,,,,
#,ArtsSubsidies,Arts Subsidies,artssubsidies,"Investing public money in the arts is controversial with capitalists who see it as supporting uneconomic elitist entertainment, but others see it as vital to a countries culture, boosting our image on the world stage, and attracting tourists.",,10,5,5,2,PUBLICSERVICES,50,575,,4,0,0,,#Effects,"Tourism,0+(0.20*x),24","Education,0+(0.03*x),16","ForeignRelations,0+(0.07*x),32","Unemployment,0-(0.01*x)","Conservatives,-0.05-(0.15*x)","Liberal,0.01+(0.08*x)","_global_liberalism,0+(0.1*x),16",,,
#,AsteroidMiningLaw,Asteroid Mining,asteroidmining,"Asteroids contain metals rare on earth, such as platinum, potentially worth trillions of dollars. Technology reduces the cost of this policy, while industrial automation drastically increases income.",,20,10,5,5,PUBLICSERVICES,500,20000,"_default_,1.0;Technology,0+(-0.9*x)",16,0,100000,"_default_,1.0;IndustrialAutomation,-1+(x^10)",#Effects,"Technology,0.2+(0.1*x),16","IndustrialAutomation,0.2+(0.1*x),16","Unemployment,-0.04-(0.06*x)","StateEmployees,0.035+(0.075*x)","Patriot,0.05+(0.20*x)","Patriot_freq,0.05+(0.15*x)","Rareearthcrisis,0-(x^2)/2",,,
#,AutomationTax,Automation Tax,tax,"Technological innovation has led to brilliant inventions. The dark side of industrial automation is that it is leading to job loss. Less jobs mean less income tax. To make up for the loss in state income, the economy ministry has designed an automation tax, to be paid by the most advanced companies.",,10,5,5,2,TAX,0,0,,1,150,7400,"GDP,0.5+(0.5*x);TaxEvasion,1.0-(0.2*x);IndustrialAutomation,0.2+(0.8*x)",#Effects,"Capitalist,0-(0.07*x)","Capitalist_income,0-(0.03*x),8","TradeUnionist,0.0+(0.07*x)","Technology,-0.03-(0.06*x),8","IndustrialAutomation,-0.05-(0.15*x)","CorporateExodus,0.05+(0.1*x)","BrainDrain,0.02+(0.08*x)",,,
,,,,,,,,,,,,,,,,,,,,,,,,,,,,
,,,,,,,,,,,,,,,,,,,,,,,,,,,,
,,,,,,,,,,,,,,,,,,,,,,,,,,,,
#,Banlowmpgcars,Ban Low MPG Cars,ban,"With gas prices climbing constantly and nature being polluted from all sides, banning cars that use too much fuel may be the right step to protect the environment and help with excessive fuel usage. A big street cruiser might look cool, but it's way too expensive and wasteful and should be banned from the streets. What is good for the enviornment is good for society.",,25,15,10,10,TRANSPORT,4,8,,2,0,0,,#Effects,"OilDemand,-0.025-(0.05*x),12","CarUsage,-0.05-(x^2)*0.1,7","Motorist,-0.05-(x^2)*0.14","Environmentalist,0.05+(x^2)*0.16","Environment,0.03+(x^2)*0.11,8","CO2Emissions,-0.02-(x^2)*0.08,3",,,,
,,,,,,,,,,,,,,,,,,,,,,,,,,,,
,,,,,,,,,,,,,,,,,,,,,,,,,,,,
,,,,,,,,,,,,,,,,,,,,,,,,,,,,
,,,,,,,,,,,,,,,,,,,,,,,,,,,,
#,BasicSurvivalGrant,Basic Survival Grant,basicsurvivalgrant,"Provide all citizens equal money to pay the minimum cost of human survival, based on the poverty line. These periodic cash payments offer a simpler and more transparent approach than other forms of welfare, with little bureaucratic waste.",,20,50,5,5,WELFARE,1000,100000,"PovertyRate,0.1+(1*x)",1,0,0,,#Effects,"_LowIncome,0.05+(PovertyRate*x)","_MiddleIncome,0.2*(PovertyRate*x)","_HighIncome,0.01*(PovertyRate*x)","Poor,1.1*(PovertyRate*x)","MiddleIncome,0.2*(PovertyRate*x)","Unemployment,0.5*(PovertyRate*x),4",,,,
#,BicycleSubsidies,Bicycle Subsidies,default,"To encourage people to switch from car to bike, a financial motivation is sometimes needed. By introducing bicycle subsidies, it will now be easier and cheaper for people to buy bikes. And this will result in more people actually using a bike instead of driving a car or staying inside, boosting the health of all citizens by a little.",,2,10,2,2,TRANSPORT,30,220,,1,0,0,,#Effects,"Health,0.02+(0.02*x)","CarUsage,0-(0.03*x),8","RailUsage,0-(0.03*x),8","BusUsage,0-(0.03*x),8",,,,,,
#,BiofuelSubsidies,Biofuel Subsidies,default,"Biofuels can reduce oil demand, by mixing ethanol derived from corn with petro-chemical fuel. This is generally popular with environmentalists. Farmers who earn money producing corn for biofuel use also benefit. Biofuels with a higher mix of ethanol can be subsidized through tax breaks.",,2,15,5,10,TRANSPORT,5,700,"CarUsage,0+(1.0*x)",2,0,0,,#Effects,"OilDemand,0-(0.12*x),8","Environmentalist,0.02+(0.06*x)","Farmers,0.05+(0.05*x),4","Motorist,0.02+(0.02*x)","Farmers_freq,0.02+(0.03*x),4","Farmers_income,0+(0.05*x)",,,,
#,BorderControls,Border Controls,bordercontrols,"Without some kind of customs checks at the borders, your country is open to the problem of mass illegal immigration. Some people argue that these immigrants cause crime, others that they take jobs away from your own citizens. Border controls can be effective in reducing illegal immigration.",,0,25,10,10,FOREIGNPOLICY,10,280,,1,0,0,,#Effects,"Immigration,0-(1*x),2","Tourism,0.0-(0.2*x)","Patriot,0+(1*x)",,,,,,,
#,BusinessStartupCampaign,Business Startup Campaign,default,"Many people have brilliant ideas, yet only a few of them dare to take the steps neccessary to set up their own little business around their idea. This campaign will help these people out, informs them what they need to do, where they need to go and what permits they need to get. This will help a great deal and make self employed people happy.",,2,2,1,1,ECONOMY,20,75,,2,0,0,,#Effects,"SelfEmployed,0.1+(0.03*x)","SelfEmployed_freq,0+(0.12*x),16","_global_socialism,0-(0.05*x),16","Capitalist,0+(0.03*x),4",,,,,,
#,BusLanes,Bus Lanes,default,"Setting aside specific lanes of a road for use only by buses (and perhaps taxis and motorbikes) is one way to get traffic flowing faster and avoid congestion. It also shortens journey times for public transport and therefore encourages usage. There are noticeable costs involved in setting up such schemes, and motorists can be annoyed if the bus lanes seem empty while they remain stuck in traffic.",,10,5,2,2,TRANSPORT,100,220,,2,0,0,,#Effects,"Commuter,0.05+(0.17*x)","Motorist,0.00-(0.25*x)","BusUsage,0.05+(0.2*x),2",,,,,,,
#,BusSubsidies,Bus Subsidies,default,"Traffic congestion and pollution can be reduced by encouraging people to travel by bus instead of car. It can be an expensive option though, and some motorists may resent a transport system they do not use being subsidized.",,10,20,5,5,TRANSPORT,125,1552,,6,0,0,,#Effects,"Commuter,0.10+(0.34*x)","Motorist,0.00-(0.15*x)","BusUsage,0.00+(0.32*x),2","_LowIncome,0+(0.07*x)","Commuter_income,0+(0.07*x)","Commuter_freq,0+(0.12*x),4","Capitalist,-0-(0.06*x)","Unemployment,0-(0.01*x)",,
#,CannabisLaw,Cannabis Law,cannabislaw,"Marijuana is a psychoactive drug from the cannabis plant. Cannabis is often used for its mental and physical effects, such as a ""high"" or ""stoned"" feeling, a general change in perception, euphoria, and an increase in appetite. Short term side effects may include a decrease in short-term memory, dry mouth, impaired motor skills, red eyes, and feelings of paranoia or anxiety. Long term effects may include decreased mental ability in those who started as teenagers, and behavioral problems in children whose mothers used cannabis during pregnancy.",,10,10,5,5,LAWANDORDER,0,0,,5,0,0,,#Effects,"CannabisUse,-0.05-(0.45*x),8","DrugCrimeRate,1.5*(x*CannabisUse),4","Parents,0.1+(0.1*x)","Young,-0.1-(0.1*x)","Conservatives,0.25*(x^4)","Liberal,-0.25*(x^4)",,,,
,,,,,,,,,,,,,,,,,,,,,,,,,,,,
#,CapitalGainsTax,Capital Gains Tax,capgains,"CGT is a tax levied on non-salary income such as stock market profits and share dividends, and profits from selling property or other assets. Primarily it affects the wealthy and business owners, and will raise more money if the economy is booming. Because it taxes profits from investments, it also acts as a slight deterrent to investment and thus be detrimental to the economy.",MULTIPLYINCOME,15,10,10,2,TAX,0,0,,1,400,9022,"GDP,0.5+(0.5*x);TaxEvasion,1.0-(0.2*x)",#Effects,"_HighIncome,-0.25*(GDP*x)","Wealthy,-0.5*(GDP*x)","SelfEmployed_income,0-(0.10*x)","SelfEmployed,0-(0.1*x)","SelfEmployed_freq,0-(0.05*x),4","GDP,-0.01-(0.04*x),4","Capitalist,-0.05-(0.25*x)","Socialist,0+(0.1*x)","_global_socialism,0.05+(0.05*x),12","_global_socialism,0+(0.052*x),4"
#,CarbonTax,Carbon Tax,tax,"A carbon tax is a tax levied on all emissions of Carbon Dioxide, thought to be the main cause of climate change. The tax is effectively a pollution tax, and a way to make those individuals and industries who contribute to climate change pay for the damage they cause or to reduce emissions. Obviously the tax is popular with environmentalists, and can also lead to a more energy efficient economy.",,35,20,15,10,TAX,0,0,,2,1150,31510,"CO2Emissions,0.5+(1.0*x)",#Effects,"CO2Emissions,0-(0.5*x),8","GDP,-0.25*(x^2),4","Environmentalist,0.1+(0.1*x)","EnergyEfficiency,0+(0.25*x),8","_All_,0-(0.25*x)","AirTravel,0-(0.28*x),2","Capitalist,0.02-(0.11*x)",,,
#,CarEmmissionsLimits,Car Emission Limits,default,"Setting legal limits on exhaust fumes helps to reduce air pollution, especially in cities, but it's unpopular with motorists who look upon it as yet more bureaucracy and tax.",,5,10,5,5,TRANSPORT,0,80,,5,0,0,,#Effects,"Motorist,0-(0.1*x)","Environmentalist,0.04+(0.05*x)","Environment,0+(0.23*x),16","CarUsage,-0.01-(0.02*x),4","CO2Emissions,-0.02-(0.08*x),16","Motorist_income,0-(0.06*x)",,,,
#,CarPoolingCampaign,Car-Pooling Campaign,default,"It often takes some encouragement for people to come together and make better use of the resources at hand. Car-pooling is a good example of that, so this campaign will make people realize how fun and helpful it can be to car-pool, all the while reducing traffic congestion. And if you still end up in a traffic jam, you at least have people to talk to while waiting.",,2,2,1,1,TRANSPORT,20,60,,2,0,0,,#Effects,"CarUsage,-0.01-(0.03*x),8",,,,,,,,,
#,CarTax,Car Tax,default,"Taxing the ownership of all motor vehicles is one way to persuade people to use alternative forms of transport. It can be argued however, that such a  system increases the fixed costs of car ownership, encouraging people to use a car more once they have gone to the trouble of taxing it. There is also an argument that this is a tax that unfairly hits the poor and people in rural communities where a car is a necessity.",MULTIPLYINCOME,35,20,20,5,TAX,0,0,,1,115,7436,"CarUsage,0+(1.0*x);TaxEvasion,1.0-(0.2*x)",#Effects,"CarUsage,-0.1-(0.1*x),6","_MiddleIncome,0-(0.05*x)","Motorist,-0.05-(0.15*x)","Environmentalist,0.05+(0.05*x)","Motorist_freq,-0.1-(0.2*x)","Motorist_income,0-(0.08*x)","Farmers,-0-(0.2*x)",,,
#,CCTVCameras,CCTV Cameras,cctv,"CCTV cameras can be a great help in catching criminals and cameras also deter crime.  The installation costs are extremely high, and there are concerns about civil rights from people who don't like to feel that the government is constantly watching them.",,5,10,5,2,LAWANDORDER,400,720,,2,0,0,,#Effects,"CrimeRate,-0.16*(x^0.4),4","ViolentCrimeRate,-0.10-(0.20*x),3","Liberal,0-(0.2*x)","Conservatives,0+(0.25*x)","_security_,(0.025+0.038*x)",,,,,
#,CharityTaxExemption,Charity Tax Exemption,default,Recognized charitable and religious organizations pay fewer or no taxes.,,2,40,5,30,TAX,0,1000,"Religious_perc,0+(1.0*x)",1,0,0,,#Effects,"_LowIncome,0+(0.1*x),8","Religious,0+(0.15*x)","Religious_freq,0+(0.1*x),30",,,,,,,
#,ChildBenefit,Child Benefit,default,"A fixed payment made by the state directly to parents to assist in the cost of bringing up children. Popular with parents for obvious reasons, and the poor who see it as a redistributive tax, but capitalists are opposed to such an unnecessary level of interference by government. ",,10,20,5,10,WELFARE,400,4320,,2,0,0,,#Effects,"Capitalist,-0.05-(0.02*x)","Poor,0.05+(0.04*x)","Equality,0.0.5+(0.15*x)","Parents,0+(0.23*x)","Liberal,0.05+(0.12*x)","Parents_freq,0.025+(0.05*x),2","_LowIncome,0+(0.07*x)","Parents_income,0+(0.05*x)",,
#,ChildcareProvision,Childcare Provision,default,"By giving state subsidies for childcare, we can ensure more parents return to the workforce after having children, and therefore benefit the economy. Although this can be expensive, and is also a distortion of the market, it is popular with parents.",,10,20,5,10,WELFARE,400,5020,"GDP,0.4+(0.6*x)",1,0,0,,#Effects,"Parents,0.05+(0.06*x)","Capitalist,-0.03-(0.02*x)","WorkerProductivity,0.02+(0.08*x),2","Parents_freq,0.025+(0.045*x),2","Parents_income,0+(0.03*x)","Unemployment,-0.01-(0.11*x)",,,,
#,CitizenshipTests,Cultural Integration,default,"This program helps people migrating to our country fit into our culture and understand our history. This lessens the chances of a clash of cultures for newcomers to the country, and reassures patriotic members of society that they need not fear immigration.",,5,25,2,2,FOREIGNPOLICY,10,100,"Immigration,0+(1.0*x)",2,0,0,,#Effects,"RacialTension,-0.5*(Immigration*x),4","Patriot,0.05+(0.05*x)","Conservatives,0.05+(0.05*x)",,,,,,,
#,CleanEnergySubsidies,Clean Energy Subsidies,default,"Renewable energy might not be ultra efficient yet, but there is an argument for investing heavily in it now so as to strategically prepare our country for a future without fossil fuels. Environmentalists are happy for obvious reasons, but capitalists see it as an unwelcome distortion of the energy market.",,5,15,5,5,ECONOMY,590,1560,"GDP,0.2+(0.8*x)",8,0,0,,#Effects,"Environmentalist,0.05+(0.11*x)","Capitalist,-0.02-(0.05*x)","Environment,0.1+(0.14*x),8","EnergyEfficiency,0.01+(0.25*x),4","CO2Emissions,-0.02-(0.13*x),12",,,,,
#,CleanFuelSubsidy,Clean Fuel Subsidy,default,"A Subsidy for cleaner fuels such as Ultra-Low Sulfur fuel in an effort to reduce the environmental impact of motoring. The subsidy will reduce the costs of fitting catalytic converters to older cars, and provide an incentive at the  pump to choose less damaging fuels.",,15,20,5,5,TRANSPORT,120,320,"CarUsage,0+(1.0*x)",1,0,0,,#Effects,"Environment,0.00+(0.07*x),8","Environmentalist,0.04+(0.10*x)","Motorist,0.1+(0.1*x)","Motorist_income,0.02+(0.08*x)","Farmers,0.05+(0.05*x)",,,,,"Parents_freq,0+(0.025*x),8"
#,ClimateChangeAdaptionFund,Climate Change Adaption Fund,floodawareness,"Global warming has lead to increased frequency and severity of natural disasters. The Climate Change Adaption Fund finances large-scale projects from dams to weather satellites, from reforesting to water reservoirs. It might be expensive, but environmentalists and farmers call for this policy.",,10,10,5,5,ECONOMY,4500,16000,"GDP,0.75+(0.25*x)",18,0,0,,#Effects,"Unemployment,0-(0.1*x),18","Farmers,0+(0.2*x)","Poor,0+(0.2*x)","Environmentalist,0.04+(0.06*x)","Environmentalist_freq,0+(0.04*x),6",,,,,
,,,,,,,,,,,,,,,,,,,,,,,,,,,,
#,CommunityPolicing,Community Policing,default,"Working with the community rather than attempting to control it. Community policing encourages the police to better understand the needs of the local community, especially in areas with ethnic minorities. Critics see it as an expensive waste of money which could be spent on more direct methods to cut crime.",,15,10,5,5,LAWANDORDER,100,639,,5,0,0,,#Effects,"RacialTension,-0.05-(0.2*x),4","CrimeRate,0-(0.05*x),4","ViolentCrimeRate,0-(0.03*x),4","Liberal,0+(0.2*x)","_global_liberalism,0+(0.1*x),8",,,,,
,,,,,,,,,,,,,,,,,,,,,,,,,,,,
#,CompulsoryFoodLabelling,Compulsory Food Labelling,default,"There is plenty of food out there that is not healthy, but companies have found clever ways to obscure that by making it look extra tasty or put the ingredients list in smallest print. This is now over with Compulsory Food Labelling: All foods must now display all the ingredients and additives in it, making it easier for people to choose the food they want to eat while remaining healthy.",,10,5,5,2,WELFARE,30,120,,2,0,0,,#Effects,"Obesity,-0.02-(0.03*x),12","Health,0.02+(0.03*x),8","Capitalist,0-(0.02*x)","GDP,0-(0.01*x),8",,,,,,
#,CompulsoryForeignLanguageClasses,Compulsory Foreign Language Classes,default,"To understand their language is the first important step to understand other people. By introducing compulsory foreign language classes, schoolkids are taught a selection of foreign languages early on so they can later use them well. This will reduce racial tension while improving foreign trade and relations.",,5,5,2,2,FOREIGNPOLICY,30,60,,2,0,0,,#Effects,"InternationalTrade,0.01+(0.02*x),24","ForeignRelations,0.01+(0.02*x),24","RacialTension,0-(0.015*x),20",,,,,,,
#,Compulsorylanguagelessons,Compulsory Language Lessons,default,"Some people just can't be bothered to learn languages on their own in order to improve their chances on the job market or to understand other people from different nations. Compulsory language lessons will force these people to deal with the world outside, improve our attitudes to foreign visitors,, and enable us to better deal with foreign companies, all whilst giving us a greater understanding of other cultures.",,20,10,5,5,FOREIGNPOLICY,80,205,,2,0,0,,#Effects,"RacialTension,-0.05-(x*0.10),20","Education,0.02+(x*0.03),4","ForeignRelations,0.045+(x*0.10),4","InternationalTrade,0.02+(x*0.08),8","Immigration,0.01+(x*0.08),8","Patriot,-0.08*(x^2)",,,,
#,CompulsorySchoolSports,Compulsory School Sports,default,"By going beyond the physical education once in a week in schools, this program will introduce fully fledged sports classes. Pupils will be encouraged to pick a field they like and train for it, later competing in school tournaments on a local, regional and even national and international level, if they are good enough. This will increase the health of our children.",,2,5,2,2,WELFARE,25,100,,4,0,0,,#Effects,"Health,0.02+(0.025*x),16","Obesity,0-(0.05*x),16",,,,,,,,
#,Compulsoryworkfortheunemployed ,Compulsory Work For The Unemployed ,workforunemployed,"Everyone receiving unemployment benefits now has to do some work every week or risk a payment cut in their benefits. This includes public beautification, collecting litter and other tasks that do not risk any jobs. The goal is to make use of this major workforce and get people back into a work routine, hopefully resulting in them getting jobs soon. Nobody should expect to lvie off the state without working.",,10,15,10,10,ECONOMY,25,110,,4,0,0,,#Effects,"Poor,-0.12*(x^Unemployment)","Socialist,-0.12*(x^0.5)","GDP,0.03*(x^0.5),4","MiddleIncome,0.02+(x*0.05),4","Capitalist,0.03+(x*0.06)","Unemployment,0-(0.05*x),7",,,,
#,ConsumerRights,Consumer Rights,consumerrights,"At a minimum level, the state guarantees that the consumer is not totally ripped off, at the other end of the spectrum, draconian legislation can benefit the consumer at the expense of business. Companies often complain about the amount of legislation governing selling to the public.",,5,20,10,10,ECONOMY,5,8,,1,0,0,,#Effects,"Health,0.01+(0.04*x),12","_LowIncome,0.05+(0.05*x)","_MiddleIncome,0.01+(0.04*x)","GDP,-0.04*(x^4)","Liberal,0+(0.1*x)","Capitalist,0-(0.05*x)","SelfEmployed,0.00-(0.1*x)",,,
#,CorporationTax,Corporation Tax,corptax,"A direct and proportionate tax on the profits of business. Some argue that this should be the only form of taxation, others that such taxes stifle entrepreneurship and discourage people from starting a business. It is often one of the main ways the government brings in money.",MULTIPLYINCOME,30,30,20,10,TAX,0,0,,1,575,30638.3,"GDP,0.5+(0.5*x);TaxEvasion,1.0-(0.2*x)",#Effects,"Socialist,0+(0.22*x)","Capitalist,-0.05-(0.25*x)","Wealthy,0-(0.2*x)","SelfEmployed,0-(0.12*x)","GDP,-0.27*(x^5),6","_HighIncome,0-(0.07*x)","_global_socialism,0+(0.02*x)","SelfEmployed_income,0-(0.1*x)",,
#,Curfews,Curfews,curfews,"Introduced for a short period of time in a state of national emergency. These can be an effective way to combat crime at the cost of much personal liberty. Often, however, limiting the ability of peaceful citizens to leave their homes at night can be a sign of a country's degeneration into severe authoritarianism.",,5,2,5,2,LAWANDORDER,80,200,,1,0,0,,#Effects,"CrimeRate,-0.05-(0.15*x)","ViolentCrimeRate,-0.05-(0.15*x)","_All_,-0.05-(0.2*x)","Liberal,-0.1-(0.25*x)","_security_,0.12+(0.11*x)","GDP,-0.08*(x^4)",,,,
#,CyclingCampaign,Cycling Campaign,default,"This campaign highlights the many advantages that bikes have in our cities. Whether it is to get through heavy traffic with ease, save money for fuel or to help prevent unneccessary pollution, the bike offers many things for many different people, they just don't know it yet.",,2,2,1,1,TRANSPORT,25,80,,2,0,0,,#Effects,"Health,0.02+(0.02*x)","CarUsage,0-(0.03*x),8","RailUsage,0-(0.03*x),8","BusUsage,0-(0.03*x),8",,,,,,
,,,,,,,,,,,,,,,,,,,,,,,,,,,,
,,,,,,,,,,,,,,,,,,,,,,,,,,,,
#,DiplomaticService,Diplomatic Service,default,"Going beyond just having an ambassador and a secretary in a foreign country, employing a full Diplomatic Service may be more expensive, but in the field of international diplomacy, you need to stay on top of things in order to get the best deals for your country and to keep everyone involved and happy. It may take some time to get working effectively, but it will boost foreign relations.",,5,5,2,2,FOREIGNPOLICY,40,160,,4,0,0,,#Effects,"ForeignRelations,0+(0.07*x),24",,,,,,,,,
#,DisabilityBenefit,Disability Benefit,default,"A direct payment from the state to disabled people to allow for the fact that they are possibly unable, or need assistance to work. Additionally many disabled people have special requirements in terms of transport or housing. ",,5,20,5,5,WELFARE,50,420,,1,0,0,,#Effects,"PovertyRate,-0.02-(0.03*x)","Equality,0.02+(0.03*x),3","Retired,0.02+(0.02*x)",,,,,,,
#,Diversityquotasforcompanies,Diversity Quotas For Companies,default,"A diverse company is a happy and healthy company. Enabling diversity quotas for companies will force companies hire more people from different ethni backgrounds that have the same qualification, easing racial tensions and making companies a place of equal opportunity.",,20,15,10,10,ECONOMY,5,10,,2,0,0,,#Effects,"EthnicMinorities,0.1+(x*0.15),4","Equality,0.05+(x*0.05),12","Capitalist,-0.04-(x*0.04)","SelfEmployed,-0.06-(x*0.04)","RacialTension,-0.075-(x*0.11),20","Liberal,0.05+(0.08*x)",,,,
#,DriverlessCarLaws,Driverless Car Laws,driverless,Driverless car technology is booming. The manufacturers are encouraging the government to allow their use on public roads.,,5,10,5,5,TRANSPORT,10,200,"GDP,0.25+(0.25*x);CarUsage,0+(0.5*x)",2,0,0,,#Effects,"Motorist,0.02+(0.05*x)","Commuter,0.1+(0.1*x),2","Commuter_freq,0.1+(0.1*x),8","Unemployment,0.02+(0.04*x),12","BusUsage,-0.1-(0.15*x),12","RailUsage,-0.1-(0.15*x),12","Technology,0.02+(0.03*x),12","TrafficCongestion,-0.1-(0.2*x),16",,
#,DroneStrikeAct,Drone Strike Act,dronestrikes,Global terrorism threatens our country. Drone strikes on foreign grounds are a safe way to prevent terror organisations from reaching their full potential. Patriots are calling for surgical strikes on terror leaders while liberals regard those as unethical.,,5,10,2,2,FOREIGNPOLICY,100,2000,,3,0,0,,#Effects,"Liberal,0-(0.2*x)^2","Patriot,0+(0.25*x)","_Terrorism,-0.1-(0.05*x),6","ForeignRelations,0-(0.4*x)",,,,,,
#,DrugAwareness,Drug Awareness Campaign,default,"Drugs can be dangerous, even in moderation. To raise awareness of that, this campaign will show all the trouble that drugs can get you into, from ruined friendships and addiction to sickness and death. Certainly not a happy topic, but it is always better to have your mood dampened a little now than to suffer big time later.",,5,2,1,1,WELFARE,25,80,,2,0,0,,#Effects,"AlcoholUse,0-(0.1*x),12","CannabisUse,0-(0.05*x),12","TobaccoUse,0-(0.2*x),12",,,,,,,
#,DrugEnforcement,Drug Enforcement,drugenforcement,"Do we classify illegal drug users as criminals, or citizens who need help?",,10,10,5,5,LAWANDORDER,0,2000,"TobaccoUse,0+(0.2*x);AlcoholUse,0+(0.4*x);CannabisUse,0+(1.0*x)",1,0,0,,#Effects,"DrugCrimeRate,-0.05-(2*x)","Unemployment,0-(x^4)*0.05,4","Liberal,0+(0.25*x)","Conservatives,0-(0.25*x)",,,,,,
#,EcoHomeRegulations,Eco-home Regulations,default,"By setting rules and standards for houses towards eco-friendliness, there are many more things to be considered now when building houses. This may cause a hassle for developers and landlords, but it will help protect the environment in the long run.",,10,10,5,5,ECONOMY,30,120,,4,0,0,,#Effects,"Capitalist,0-(0.04*x)","Environmentalist,0+(0.04*x)","CO2Emissions,0-(0.04*x)","Environmentalist_freq,0+(0.04*x),24",,,,,,
#,ElectricCarsInitiative,Electric Cars Initiative,electriccars,The introduction of a standardized nation-wide recharging system for electric cars has lead to increased sales of such vehicles. Encouraging the acquisition of electric cars reduces our countries dependence on oil. Environmentalists are happy about every car that does not emit carbon dioxide.,,10,15,5,5,TRANSPORT,1000,3000,"_default_,0.2;CarUsage,0+(0.8*x)",12,0,0,,#Effects,"OilDemand,-0.04-(0.2*x) *CarUsage,12","Motorist,0.01+(0.03*x)","CO2Emissions,0-(0.08*x),4","Environmentalist_income,0+(0.05*x),4","Environment,0.03+(0.14*x)*CarUsage,16","Environmentalist_freq,0+(0.05*x),8",,,,
#,ElectronicDirectDemocracy,Electronic Direct Democracy,directdemocracy,Electronic direct democracy is a form of  democracy that utilizes the internet to facilitate public participation. Liberals have been calling for it for decades but state employees are wary. The policy is also more popular with younger net-savvy voters than the elderly.,,30,50,20,20,LAWANDORDER,30,1000,"GDP,0.5+(0.5*x)",6,0,0,,#Effects,"_All_,0.0+(0.03*x)","StateEmployees,-0.025-(0.045*x)","StateEmployees_freq,0.0-(0.035*x),8","Liberal,0.1+(0.05*x)","Young,0.05+(0.05*x)","Retired,-0.05-(0.05*x)",,,,
#,EnterpriseInvestmentScheme,Enterprise Investment Scheme,default,"The Enterprise Investment Scheme is a system which gives tax breaks to wealthy individuals who invest their money in small startup companies which are based in this country. The scheme encourages investment in companies which should eventually grow and stimulate the economy, whilst at the same time giving a popular tax break to people who invest in them. Obviously indirectly, the scheme is being subsidized by those without savings to invest.",,2,10,5,5,ECONOMY,120,2000,"GDP,0.25+(0.75*x)",1,0,0,,#Effects,"SelfEmployed_income,0.01+(0.09*x)","SelfEmployed_freq,0.02+(0.06*x),4","SelfEmployed,0.10+(0.2*x)","_HighIncome,0+(0.12*x)","Wealthy,0+(0.05*x)","GDP,0.01+(0.05*x),16","Capitalist,0+(0.05*x)","_global_socialism,-0.04-(0.06*x),12",,
#,FaithSchoolSubsidies,Faith School Subsidies,default,Religious schools can achieve good academic standards. Their supporters make a case  that the government should subsidize methods of education that are proven to be effective. Critics say that religion has no place in education and that the government cannot be seen to 'push' a particular religion on children.,,2,30,5,10,PUBLICSERVICES,180,1160,,1,0,0,,#Effects,"Religious,0.13+(0.10*x)","Education,0.04+(0.04*x)","Religious_freq,0.02+(0.35*x),30","RacialTension,0.05+(0.05*x),4","Religious_income,0+(0.08*x)",,,,,
#,FarmlandAcquisitionProgram,Farmland Acquisition Program,default,"We have to acquire fertile lands to stabilize the food supply of our country. The ministry for foreign affairs brokers deals with developing nations. Our expenses support nations stuck in poverty, while the crops we can grow on those country's fertile soil reduce the food price significantly. Environmentalists and Liuberals liken it to new colonialism.",,15,15,10,10,FOREIGNPOLICY,2400,6600,"_default_,1.0;ForeignRelations,0-(0.15*x)",6,0,0,,#Effects,"FoodPrice,0.02-(0.18*x),8","InternationalTrade,0.05+(0.05*x)","ForeignRelations,0-(0.2*x)","Patriot,0+(0.2*x)","Farmers_freq,-0.02-(0.03*x),3","Farmers_income,0-(0.05*x),14","Liberal,-0.05-(0.05*x)",,,
#,Flagsoneverystreetcorner,Flags On Every Street Corner,flagsoncorners,"To boost patriotism and to induce a sense of belonging into people, putting flags of our country on every street corner will help with our national self esteem. It also looks much better than some burger advertisement.",,15,15,2,2,LAWANDORDER,10,80,,1,0,0,,#Effects,"Patriot,0.03+(x*0.21)","Patriot_freq,0.17*(x^2)+0.1,20",,,,,,,,
#,FlatTax,Flat Income Tax,incometax,"A flat-rate income tax is a tax where every citizen pays the same marginal rate of income tax regardless of their total income. As a result, the cleaner in the office pays the same rate as the CEO, though the CEO's total tax bill will be higher. This simpler structure can lead to lower avoidance and evasion. It is not progressive, and can exacerbate income inequality.",MULTIPLYINCOME,35,15,30,10,TAX,0,0,,1,2300,123464,"GDP,0.5+(0.5*x);TaxEvasion,1.0-(0.05*x)",#Effects,"_LowIncome,-0.9*(Wages*x)","_MiddleIncome,-0.8*(Wages*x)","_HighIncome,-0.8*(1*x)","Poor,0-(0.9*x)","MiddleIncome,0-(0.7*x)","Wealthy,0-(0.6*x)",,,,
#,FoodStamps,Food Stamps,default,"Food stamps is a system where the state will issue vouchers or 'stamps' to those citizens on low or no income, to ensure they are able to afford food. Unlike giving a straight cash benefit, food stamps can only be redeemed for uncooked food, preventing them being used for unhealthy takeaway food. Supporters see food stamps as a valuable way to ensure nobody goes hungry, no matter their income. Critics consider such a scheme patronizing, and no more than papering over the cracks caused by free market failure and low wages.",,10,10,5,5,WELFARE,250,4000,"Poor_perc,0+(1.0*x)",1,0,0,,#Effects,"_LowIncome,0.1+(FoodPrice*x)","PovertyRate,-0.1-(FoodPrice*x)","Poor,0.04+(0.15*x)","Health,0.01+(0.02*x),8","Socialist,0.02+0.08*x)",,,,,
#,FoodStandards,Food Standards Agency,default,"A food standards agency is a branch of government dedicated to ensuring the safety and minimum nutritional standards of food supplied within the country. Farmers may regard the agency as an extra layer of bureaucracy and meddling, but public health campaigners see the agency as an essential line of defense between the consumer and unscrupulous food producers looking to cut costs.",,5,10,5,2,WELFARE,22,65,,4,0,0,,#Effects,"Health,0.01+(0.03*x),12","Liberal,0.01+(0.04*x)","Obesity,-0.01-(0.02*x),4",,,,,,,
,,,,,,,,,,,,,,,,,,,,,,,,,,,,
#,ForeignAid,Foreign Aid,default,"Some foreign countries have very poor economies, poor education or food shortages, and it can be argued that relatively rich nations such as ours have a moral duty to help them. Others may argue that the first priority of any nation is to its own citizens, and if those citizens wish to help, they can do so individually through charities.",,15,5,15,5,FOREIGNPOLICY,200,2490,,2,0,0,,#Effects,"Socialist,0.02+(0.04*x)","Patriot,-0.3-(0.2*x)","Liberal,0+(0.10*x)","ForeignRelations,0+(0.6*x),24","EthnicMinorities,0.02+(0.20*x)",,,,,
#,ForeignInvestorTaxBreaks,Foreign Investor Tax Breaks,default,"Special tax breaks given to large foreign-owned multinational companies to encourage them to invest in our country. This could include tax-free periods, introductory rates of corporate tax, and straight subsidies to encourage investment. Helps to encourage investment from overseas, but will be seen as incredibly unpatriotic, and pandering to the whims of huge foreign capitalist organizations.",,2,5,2,2,TAX,600,6000,"GDP,0.75+(0.25*x)",1,0,0,,#Effects,"Patriot,-0.1-(0.14*x)","GDP,0.03+(0.05*x),4",,,,,,,,
#,FreeBusPasses,Free Bus Passes,default,"Traditionally, free bus travel is offered as a concession to those citizens of retirement age. This can be expensive, but it’s a great way to reduce car usage and thus reduce pollution and congestion. Some oppose such a distortion of the market however.", ,5,20,2,2,TRANSPORT,220,800,,2,0,0,,#Effects,"Retired,0.01+(0.08*x)","BusUsage,0.05+(0.15*x),4","_LowIncome,0.01+(0.04*x)","Retired_income,0+(0.05*x)",,,,,,
#,FreeEyeTests,Free Eye Tests,default,"Eye tests catch problems early and advise those with poor eyesight that they need glasses. Getting your eyes tested privately can be expensive, and it's a luxury many people just do without. Socialists believe that the universal provision of free eye tests are essential in providing a health 'safety net' for all.",,2,5,2,2,WELFARE,50,100,,1,0,0,,#Effects,"Poor,0.05+(0.05*x)","PovertyRate,-0.02-(0.03*x),4","Retired,0.02+(0.04*x)","Health,0.01+(0.02*x),16",,,,,,
#,FreeParentingClasses,Free Parenting Classes,default,"Having a newborn child can be very taxing and exhausting for new parents. By introducing these free classes, parents can learn how to deal with this situation, how to raise their babies and have a normal life at the same time. It won't make the babies cry less, but it will make the parents more stress resistant and aware, plus they will meet other parents in the same situation.",,2,10,2,2,PUBLICSERVICES,40,225,,4,0,0,,#Effects,"Parents,0.05+(0.04*x)","Parents_freq,0+(0.03*x),24",,,,,,,,
#,FreeSchoolMeals,Free School Meals,default,"Not only are free school meals a way of redistributing wealth by ensuring everyone can afford to feed their children, its also a way to ensure that children eat healthily rather than surviving purely on junk food.",,10,20,2,2,WELFARE,210,320,"FoodPrice,0.1+(0.9*x)",1,0,0,,#Effects,"_LowIncome,0.25*(FoodPrice*x)","Poor,0.00+(0.05*x)","Health,0.00+(0.09*x),16","Socialist,0.01+(0.03*x)","PovertyRate,-0.25*(FoodPrice*x)","Parents,0.01+(0.03*x)","Parents_freq,0.01+(0.02*x)","Obesity,0-(0.06*x),16",,
#,FuelEfficiency,Fuel Efficiency Standards,default,"Mandatory standards for new cars which dictate the minimum level of fuel efficiency. This is a long term measure aimed to raise the fuel efficiency of the country's cars, and thus reduce our dependence on oil, as well as reducing the cost of driving over the long term. It will be unpopular with car manufacturers, but a hit with environmentalists.",,5,10,2,2,TRANSPORT,20,22,,2,0,0,,#Effects,"OilDemand,-0.04-(0.10*x),24","Motorist_income,0.02+(0.08*x),24","CarUsage,0.02+(0.06*x),24","Environmentalist,0.04+(0.04*x)","Capitalist,-0.01-(0.02*x)","CO2Emissions,0-(0.1*x),8",,,,
#,Gambling,Gambling,gambling,"To some, gambling is a sin which leads to poverty and disaster, but others believe that some 'social' gambling is harmless fun which can also be taxed nicely by the government as an additional form of revenue. It also encourages tourism and creates jobs.",,10,10,5,5,LAWANDORDER,0,0,,3,0,0,,#Effects,"Liberal,0.00+(0.08*x)","Religious,0.00-(0.15*x)","GDP,0.00+(0.04*x),6","Unemployment,0.00-(0.03*x),4","Capitalist,0.01+(0.04*x)",,,,,
#,GatedCommunities,Gated Communities,gatedcommunities,"A drastic solution to serious street crime and vandalism, gated communities are basically self-policed residential areas. They are popular with the wealthy, but often associated with class divide and inequality, as only the relatively wealthy can afford to live inside them. As a result, some governments are reluctant to permit their construction.",,2,10,2,5,LAWANDORDER,0,0,,12,0,0,,#Effects,"Wealthy,0.00+(0.42*x)","Conservatives,0.00+(0.40*x)","Equality,0.00-(0.15*x),8",,,,,,,
,,,,,,,,,,,,,,,,,,,,,,,,,,,,
#,GovernmentSubsidiesForUnions,Government Subsidies For Unions,default,"Trade unions provide a vital service to our nation, and it is in the collective interests of the people that they be encouraged and supported throughout all industries and workplaces. Therefore the government should provide funding, from taxation to support their activities.",,15,15,5,10,ECONOMY,60,350,,2,0,0,,#Effects,"TradeUnionist,0+(0.25*x)","Capitalist,0-(0.12*x)","_global_socialism,0.024+(0.058*x),8","TradeUnionist_freq,0+(0.12*x),4","TradeUnionist_income,0+(0.09*x)","Wages,0+(0.04*x),4",,,,
,,,,,,,,,,,,,,,,,,,,,,,,,,,,
#,GreenElectronicsInitiative,Green Electronics Initiative,default,"The goal of the Green Electronics Initiative is to reduce electronic waste. From cleaner mining operations to upcycling projects, a broad array of measures should make the digital world a cleaner place.",,10,15,5,5,ECONOMY,80,240,"_default_,0.5;Technology,0.5*(x^2)",6,0,0,,#Effects,"Environmentalist,0.025+(0.012*x)","CO2Emissions,-0.08*(x^0.6),8","EnergyEfficiency,0.+(0.08*x)","Pollution,0-(0.05*x)","Capitalist,0-(0.05*x)",,,,,
#,HandgunLaws,Civilian Weapons,gunlaws,"Some countries allow the virtually unrestricted ownership of any kind of firearm, whereas in others it is strictly controlled. Some people talk of the basic right to defend yourself, others are concerned that gun ownership leads to gun crime.",,0,30,20,20,LAWANDORDER,0,4,,1,0,0,,#Effects,"ViolentCrimeRate,0-(0.40*x),4","Patriot,-0.2*(x^3)","Farmers,-0.3*(x^3)","Parents,0+(0.25*x)",,,,,,
#,HealthcareVouchers,Healthcare Vouchers,default,"A measure designed to encourage the growth of private health care whilst still enabling everyone access to it. Healthcare vouchers are  issued by the State to everyone but can then only be spent in the private sector on health care. This is a different approach to pure State health care because with health tax credits, the hospitals are privately run and the medical staff are no longer state employees.",,5,10,5,5,WELFARE,2000,15000,"_default_,0.6;TobaccoUse,0+(0.1*x);AlcoholUse,0+(0.2*x);Environment,0.2-(0.1*x);Alcoholism,0.1+(0.1*x)",1,0,0,,#Effects,"_LowIncome,0+(0.17*x)","_MiddleIncome,0+(0.08*x)",,,,,,,,
#,HealthFoodSubsidies,Health Food Subsidies,default,"A tax incentive that makes healthy food, such as fruit and vegetables, cheaper than the higher fat or higher sugar foods. Seen as an incentive to eat well, rather than a punishment for eating badly, and thus less punitive on the poor than a 'fat tax'.",,10,10,2,2,WELFARE,12,90,"Health,0.75+(0.25*x)",1,0,0,,#Effects,"Health,0.03+(0.06*x),8","_LowIncome,0.02+(0.02*x)",,,,,,,,
#,HealthTaxCredits,Health Tax Credits,default,"A system of tax-reductions and credits designed to encourage people to spend their money on private healthcare, in order to reduce their tax liability. This boosts healthcare without involving the state running hospitals or employing doctors, but it's effect is limited to those people in society earning enough to be paying tax in the first place.",,5,10,5,5,WELFARE,1000,8000,"_default_,0.6;TobaccoUse,0+(0.1*x);AlcoholUse,0+(0.2*x);Environment,0.2-(0.1*x);Alcoholism,0.1+(0.1*x)",1,0,0,,#Effects,"PrivateHealthcare,0+(0.3*x),2","_MiddleIncome,0+(0.08*x)","_HighIncome,0+(0.06*x)","Wealthy,0.02+(0.06*x)","MiddleIncome,0.04+(0.06*x)","Socialist,-0.01-(0.05*x)","Poor,-0.01-(0.05*x)","Capitalist,0.02+(0.04*x)",,
#,HealthyEatingCampaign,Healthy Eating Campaign,default,"Through cooking shows, advertisements and specials in newspapers and other media, people are encouraged to be aware of what they eat, what the results of unhealthy food are and how to cook a good meal. This raises the overall health of the people while reducing obesity.",,2,2,1,1,WELFARE,30,90,,2,0,0,,#Effects,"Health,0.01+(0.04*x)","Obesity,0.00-(0.04*x)",,,,,,,,
#,HomeFabricationGrants,Home Fabrication Grants,default,"Support the acquisition of 3d printers by households to lower dependency on imports. Everyday products can be repaired by printing spare parts and new items can be easily manufatured. While some capitalists my argue that this initiative endangers retail brands, with some luck, a new wave of happy self-employed is generated.",,10,15,5,10,ECONOMY,50,600,"GDP,0.5+(0.5*x);Technology,0.0-(0.2*x);IndustrialAutomation,0.0-(0.1*x)",4,0,0,,#Effects,"Capitalist,0-(0.05*x)","MiddleIncome,0+(0.08*x)","_LowIncome,0+(0.07*x)","ForeignRelations,0-(0.05*x)","InternationalTrade,-0.05-(0.08*x)","SelfEmployed_freq,0.13*(x^0.5)","_MiddleIncome,0.0+(0.09*x)",,,
#,HumanCloningResearchGrants,Human Cloning Research Grants,default,"Stem cell research was just the first step. Human cloning is around the corner and our country can be on the forefront of this groundbreaking development. The religious are enraged, but rich prospective parents hope to make the dream of replicating themselves true.",,20,10,20,5,PUBLICSERVICES,450,5700,,5,0,0,,#Effects,"Religious,-0.12-0.62*(x^2.2)","Conservatives,-0.12-(0.14*x)","Wealthy,0.1+(0.13*x)","Health,-0.01-(0.02*x),5","Technology,0.02+(0.04*x),12",,,,,
#,HybridCarsInitiative,Hybrid Cars Initiative,default,"Hybrid cars are less damaging to the environment, because at slower speeds they use electric engines that produce no CO2. They also get higher fuel efficiency, thus reducing demand for oil. The downside is they are very expensive, but tax incentives can encourage more people to buy hybrid models when they get new cars.",,5,10,2,2,TRANSPORT,5,200,"CarUsage,0+(1.0*x)",1,0,0,,#Effects,"OilDemand,-0.02-(0.12*x) *CarUsage,4","Environmentalist,0.02+(0.09*x)","Motorist,0.02+(0.02*x)","CarUsage,0.01+(0.02*x),4","Environmentalist_income,0+(0.05*x)","Environment,0.02+(0.12*x)*CarUsage,8","Environmentalist_freq,0+(0.05*x),8","_HighIncome,0+(0.02*x)",,
#,IDCards,ID Cards,idcards,"Some say ID Cards act as a powerful deterrent against terrorism and other serious crimes, but liberals would argue that it is an infringement of an individual's civil liberties for the state to demand that citizens identify themselves on the spot.",,5,10,5,5,LAWANDORDER,100,1200,,12,0,0,,#Effects,"Liberal,-0.15-(0.35*x)","CrimeRate,0.00-(0.14*x)","ViolentCrimeRate,0.00-(0.50*x)","Conservatives,0.10+(0.14*x)","_security_,0+(0.15*x)","Patriot,0.11+(0.07*x)",,,,
,,,,,,,,,,,,,,,,,,,,,,,,,,,,
#,IncomeTax,Income Tax,incometax,"One of the most popular ways to raise money for government is a direct tax on peoples earnings, deducted at source by their employer. Income tax is generally a progressive tax (the wealthy pay more as a fraction of their income than the poor) and for this reason it is popular with socialists and the low paid.",MULTIPLYINCOME,40,15,30,10,TAX,0,0,,1,2300,61732,"GDP,0.5+(0.5*x);TaxEvasion,1.0-(0.5*x)",#Effects,"_LowIncome,-0.3*(Wages*x)","_MiddleIncome,-0.8*(Wages*x)","_HighIncome,-0.8*(1*x)","Poor,0-(0.2*x)","MiddleIncome,0-(0.6*x)","Wealthy,0-(0.9*x)",,,,
#,InheritanceTax,Inheritance Tax,inheritancetax,"A tax paid on the wealth of an individual as it is passed on to their descendants. An inheritance tax protects equality, by preventing families amassing wealth and advantage over the generations, so it is popular with socialists and the poor. However, some people are strongly opposed to anything that prevents them handing on their hard-earned wealth, especially their house, to their children.",,35,20,25,10,TAX,0,0,,1,460,1683.6,,#Effects,"Equality,0.05+(0.35*x),24","_HighIncome,0-(0.12*x)","Wealthy,-0.1-(0.25*x)","MiddleIncome,-0.2*(x^2)","Retired,-0.25*(x^2)","Socialist,0+(0.2*x)","_global_socialism,0+(0.1*x),32",,,
#,IntelligenceServices,Intelligence Services,default,"Security services are an essential tool in the fight against organized crime and terrorism. Good, reliable intelligence can be difficult and expensive to obtain, and in many cases the methods employed can be unpopular with liberals and human rights advocates.",,5,10,2,2,LAWANDORDER,900,1600,,4,0,0,,#Effects,"Patriot,0+(0.05*x)","Liberal,0-(0.05*x)","CrimeRate,-0.02-(0.08*x),4","_security_,0+(0.4*x),2",,,,,,
#,InternationalFusionResearchProject,International Fusion Research Project,default,"Participate in an international nuclear fusion research and engineering project with the goal of creating a commercially viable fusion power plant. Nuclear fusion is safer and more efficient than fission. While expensive, this research will contribute to technological development and energy efficiency. Environmentalists are traditionally wary of atomic energy.",,25,15,20,10,FOREIGNPOLICY,4300,8700,"_default_,1.0;Technology,-0.1*(x^5);ForeignRelations,0-(0.15*x)",12,0,0,,#Effects,"Environmentalist,-0.12-(0.1*x)","EnergyEfficiency,0.0+(0.04*x),16","ForeignRelations,0.05+(0.1*x)","Technology,0.03+(0.06*x),12","OilDemand,-0.24*(x^2),16","Unemployment,-0.02-(0.10*x)",,,,
#,InternetCensorship,Internet Censorship,internetcensorship,"Liberals would suggest that the internet's greatest characteristic is its freedom from censorship and control, leading to an open and tolerant society. Freedom has its price however, and there is no shortage of material on the internet that can assist those with criminal intent. Opinion on what should and should not be censored on the web is bitterly divided.",,5,5,15,5,LAWANDORDER,250,400,,1,0,0,,#Effects,"Conservatives,0.10+(0.15*x)","Technology,0.00-(0.12*x),4","Liberal,-0.5*(x^2)","Young,-0.1*(x^2)",,,,,,
#,InternetCurrencyTaxation,Internet Currency Taxation ,tax,"More and more commerce is handled in cryptocurrencies. To cover the cost of tax evasion and tie the new currencies to the fiscal system, rules and taxation are required. An internet currency tax reduces the income of everyone trading in cryptocurrencies, mostly self-employed and small companies.",MULTIPLYINCOME,10,5,10,2,TAX,0,0,,1,150,7400,"GDP,0.0+(0.5*x);TaxEvasion,1.0-(0.2*x);InternetCurrencyAdoption,0.0+(0.3*x)",#Effects,"Capitalist,0-(0.05*x)","Liberal,-0.1-(x^5)","Liberal_income, -0.05-(0.03*x),4","SelfEmployed_income,-0.05-(0.07*x),4","SelfEmployed,-0.03-(0.04*x)",,,,,
,,,,,,,,,,,,,,,,,,,,,,,,,,,,
#,JunkFoodTax,Junk Food Tax,junkfood,"A punitive tax rate charged on unhealthy food such as takeaway hamburgers, fizzy drinks and high sugar or fat content pre-processed food. Levied with the aim of improving the health of the nation, but can be unpopular.",,10,5,5,2,WELFARE,4,5,,1,23,102,,#Effects,"Health,0.03+(0.06*x),8","Young,-0.02-(0.04*x)","_LowIncome,-0.02-(0.03*x)","PovertyRate,0.02+(0.02*x)",,,,,,
#,JuryTrial,Jury Trial,jurytrial,"The right to be tried by ordinary members of the public rather than a judge is seen as a fundamental human right by many liberals. Conservatives argue that such a process is expensive, time wasting and is no fairer than a judge or a group of magistrates. Its entirely possible to have a system where a jury trial is reserved for more serious offences, with minor trials presided over by a magistrate.",,5,25,10,2,LAWANDORDER,105,322,,1,0,0,,#Effects,"Liberal,0+(0.15*x)",,,,,,,,,
#,KeepTheCountryTidyCampaign,Keep The Country Tidy Campaign,default,"A campaign in popular media, designed to make people feel guilty about littering. No matter how much a fine on littering may be, this only works if people are being seen. But a guilty conscience will also work when someone is alone, thus making it far more effective in the long run.",,2,2,1,1,WELFARE,30,90,,2,0,0,,#Effects,"Environment,0+(0.04*x),8","Environmentalist,0.04+(0.02*x)","Environmentalist_freq,0+(0.05*x),16",,,,,,,
,,,,,,,,,,,,,,,,,,,,,,,,,,,,
#,LabourLaws,Labor Laws,labourlaws,"Labor laws are basically restrictions on a worker's right to strike. Capitalists argue that such restrictions are vital to prevent key workers such as power station workers, policemen and train drivers from holding the country to ransom. Trade unionists consider the right to strike to be fundamental and not open to negotiation.",,0,45,30,30,ECONOMY,100,160,,2,0,0,,#Effects,"WorkingWeek,0.25-(0.5*x)","Wages,-0.4+(0.8*x)","Capitalist,0.25-(0.5*x)","Socialist,-0.25+(0.5*x)","TradeUnionist,-0.14+(0.28*x)","_global_socialism,-0.20+(0.40*x),8","TradeUnionist_freq,-0.20+(0.40*x),8",,,
#,LegalAid,Legal Aid,default,"Not everyone has the money to pay a lawyer to defend themselves in court. Although a citizen could theoretically defend himself, providing state-employed lawyers should make for a fairer system. On the other hand, this is basically a big subsidy to people who have already been charged with a crime but remember they are innocent until proved guilty.",,20,5,10,2,LAWANDORDER,10,400,,1,0,0,,#Effects,"_LowIncome,0+(0.04*x)","Poor,0.025+(0.05*x)","Socialist,0.01+(0.02*x)","Liberal,0.05+(0.05*x)",,,,,,
#,LegaliseProstitution,Legalize Prostitution,default,"Conservatives claim that the legalization of prostitution would mark a severe decline in family values. Others claim that as prostitution is unlikely to disappear, even if illegal, it's better for society and prostitutes that the practice is regulated and monitored rather than criminalized.",,10,10,5,5,LAWANDORDER,0,0,,1,0,0,,#Effects,"Conservatives,-0.30-(0.10*x)","GDP,0.03+(0.02*x),2","Liberal,0.05+(0.03*x)","Parents,-0.08-(0.02*x)","Religious,-0.33-(0.07*x)",,,,,
#,LimitAutomatedTrading,Limit Automated Trading,automatedtrading,"Automated stock market trading software exploits minute movements and short-term patterns in the markets, yielding to higher volatility and instability. Stock market crashes can be prevented by limiting the abilities of automated trading. Capitalists and the wealthy profit most from automated trading.",,20,5,10,2,ECONOMY,0,0,,1,0,0,,#Effects,"Capitalist,-0.23*(x^1.22)","Wealthy,0.0-(0.1*x)","Capitalist_income,-0.07*(x^0.67),4","Liberal,0.0-(0.05*x)","SelfEmployed,0.0+(0.11*x)","GDP,0.0-(0.03*x)",,,,
#,Limitorbancarsincities,Limit Cars In Cities,cityban,"Cars are a major factor in air pollution, especially in big cities. Adding a congestion charge or outright banning them from cities will help greatly in fighting air pollution in cities and will increase the use of public transportation. It might look a little extreme to ban cars altogether but it's still better than to breathe in all that poison.",,40,10,5,5,TRANSPORT,12,26,,2,0,0,,#Effects,"CarUsage,-0.05-(x^2)*0.31,9","Motorist,-0.1-(x^2)*0.25","Environmentalist,0.03+(x^2)*0.12","Motorist_freq,-0.04-(x^2)*0.22,8","Environment,0.05+(x^2)*0.12,7",,,,,
#,LuxuryGoodsTax,Luxury Goods Tax,luxtax,"A tax aimed specifically at the high spenders in our society. A surcharge is added to high value luxuries such as sports cars, private yachts etc. Although it is never a vast source of income, a luxury goods tax can be popular with those people concerned with the gap between rich and poor. A luxury goods tax could encourage high earners to live and work elsewhere.",,20,5,10,2,TAX,0,0,,1,115,8137.4,"Wealthy_perc,0+(1.0*x)",#Effects,"_HighIncome,0.01-(0.14*x)","Wealthy,0.05-(0.2*x)","Socialist,0+(0.4*x)","Capitalist,0-(0.08*x)",,,,,,
,,,,,,,,,,,,,,,,,,,,,,,,,,,,
#,Mandatorymicrogeneration,Mandatory Microgeneration,default,"One of the biggest cost factor in our lives these days is electricity and heat. By making micro generation mandatory, every citizen has the task of generating at least a part of his or her electricity by using solar or wind power, depending on their situation and where they live. A big step towards lowering CO2 Emissions.",,35,10,10,5,ECONOMY,2,4,,8,0,0,,#Effects,"Environmentalist,0.06+(x*0.13)","OilDemand,-0.02-(x*0.08)","CO2Emissions,-0.03-(x*0.11)","Environmentalist_freq,0.08+(x*0.12),12","Capitalist,-0.05-(0.09*x)","Environment,0.02+(0.04*x)",,,,
,,,,,,,,,,,,,,,,,,,,,,,,,,,,
#,MarriedTaxAllowance,Married Tax Allowance,marriedtax,"This is a tax break for married couples, given as an encouragement for people to marry and also to stick together. Church groups see it as essential that the state encourages traditional family values. Some see it as religion meddling in the tax system for no good reason.",,2,20,5,10,TAX,100,5200,"GDP,0.25+(0.75*x)",1,0,0,,#Effects,"Religious,0.1+(0.2*x)","Conservatives,0.07+(0.10*x)","Parents,0.02+(0.03*x)","_global_liberalism,-0.04-(0.04*x),12",,,,,,
#,MaternityLeave,Maternity Leave,maternityleave,"To some people, ensuring that mothers have a right to maternity leave and to return to their jobs afterwards is a sign of a civilized society, and one that encourages women to work. Some small businesses are concerned that it can put an unpredictable and even potentially crippling burden on an employer, especially where the number of employees is small. It could be argued that this actually encourages employers not to employ women.",,10,20,5,5,ECONOMY,0,0,,1,0,0,,#Effects,"Parents,0.07+(0.15*x)","WorkerProductivity,-0.05-(0.07*x)","Parents_income,0+(0.1*x)","Parents_freq,0.025+(0.04*x),4","TradeUnionist,0.06+(0.05*x)",,,,,
#,MicrogenerationGrants,Micro-Generation Grants,default,"These grants are given to citizens to help subsidize the cost of energy micro-generation systems such as solar panels and wind turbines. This is a good way to take advantage of some people's desire to make a personal step towards cleaner and greener energy, and will increase the country's overall energy efficiency.",,5,10,2,5,ECONOMY,100,1100,"GDP,0.25+(0.75*x)",2,0,0,,#Effects,"EnergyEfficiency,0.01+(0.14*x),4","Environment,0.01+(0.04*x),8","Environmentalist,0.05+(0.1*x)","Environmentalist_income,0.01+(0.04*x)","Environmentalist_freq,0.02+(0.06*x)","Farmers,0.05+(0.20*x)","Farmers_income,0.01+(0.04*x)","Farmers_freq,0+(0.05*x)",,
#,MilitarySpending,Military Spending,militaryspending,"A modern, well equipped military can cost an absolute fortune, and many people feel that the money could best be spent elsewhere. Others (especially patriots) would argue that you cannot put a price on freedom and security, and also point out the huge benefits for our businesses, technology and employment figures.",,0,50,5,30,FOREIGNPOLICY,1000,10030,"_default_,1.0;Wages,-0.1+(0.2*x)",8,0,0,,#Effects,"Patriot,0.05+(0.25*x)","Unemployment,0-(0.23*x)","StateEmployees,0+(0.25*x)","StateEmployees_freq,0.01+(0.14*x)","Liberal,-0.10*(x^4)",,,,,
#,Monorail,National Monorail System,default,"Monorails are often seen as the transport system of the future. They are promoted as being fast, reliable and environmentally beneficial. The main problem however is the high cost. The construction time is also a major consideration so investment in a national network would take a long time to give an eventually good payoff.",,15,30,5,5,TRANSPORT,2100,2320,,16,0,0,,#Effects,"CarUsage,-0.06-(0.10*x),2","Unemployment,0-(0.05*x)","Commuter,0.15+(0.15*x)","Farmers,0.05+(0.2*x)","Farmers_freq,0.05+(0.05*x)",,,,,
#,MortgageTaxRelief,Mortgage Tax Relief,default,"This allows people to claim tax relief on the interest payments they have to make when they borrow money to buy a house. This helps homebuyers to afford their mortgage payments, but can be resented by those who are not in a position to buy a house, as it is effectively a tax break for homebuyers.",,2,40,10,20,TAX,200,920,"GDP,0.25+(0.75*x)",1,0,0,,#Effects,"MiddleIncome,0.1+(0.18*x)","Socialist,-0.06-(0.07*x)","Poor,-0.07-(0.06*x)","_MiddleIncome,0+(0.09*x)",,,,,,
,,,,,,,,,,,,,,,,,,,,,,,,,,,,
#,Nationalanthemsinschool,National Anthems In Schools,anthemsinschool,Young people these days have lost all sense of belonging. Starting the day in school with the national anthem will boost their national pride and help disciplining them. They may not always like it but it's good for them.,,5,15,10,10,LAWANDORDER,0,0,,1,0,0,,#Effects,"Patriot,0.02+(x*0.06)","Young,-0.02-(x*0.05)","Patriot_freq,0.02+(x*0.08),24",,,,,,,
#,NationalArmedForcesWeek,National Armed Forces Week,default,"Our heroes and protectors need to be recognized. By establishing a National Armed Forces Week, this can be done by celebrating their service for our country, making them feel appreciated and showing the public who these brave men and women are that would risk their lives for our safety.",,2,10,2,2,LAWANDORDER,40,120,,2,0,0,,#Effects,"Patriot,0.02+(0.03*x)","Patriot_freq,0+(0.1*x),16",,,,,,,,
#,NationalBusinessCouncil,National Business Council,default,"The establishment of a national business council gives a strong voice to business interests and ensures that the needs of business, both big and small are taken into account. The council serves as a way to promote capitalism and enterprise and get accross the message that the corporate world has much to offer, creates employment and prosperity.",,2,2,2,2,ECONOMY,40,160,,2,0,0,,#Effects,"Capitalist,0.02+(0.04*x)","GDP,0.01+(0.02*x),24","_global_socialism,0-(0.03*x),20",,,,,,,
#,NationalService,National Service,nationalservice,"Compulsory military service for some citizens where they are taught the basics of how to defend this country from attack has some benefits. For example it would allow us to have a smaller regular army. However, there are concerns about forcing people to bear arms against their will.",,10,45,25,15,FOREIGNPOLICY,100,1000,,1,0,0,,#Effects,"Equality,0.1+(0.1*x),4","Patriot,0.3+(0.3*x)","Patriot_freq,0.10+(0.06*x)","Young,-0.20-(0.05*x)","Conservatives,0.10+(0.1*x)","Liberal,-0.10-(0.05*x)",,,,
,,,,,,,,,,,,,,,,,,,,,,,,,,,,
#,Newcarsubsidies,New Car Subsidies,default,"New cars are expensive but also cause less strain on the environment, while old and used cars may be cheaper but also cause more pollution. Using new car subsidies will help people buy new cars that are safer and protect the environment while making motorists happy. New car smell for everyone!",,15,15,10,10,TRANSPORT,60,800,,1,0,0,,#Effects,"Motorist,0.05+(x*0.13)","OilDemand,-0.02-(x*0.03),4","Motorist_income,0.05+(x*0.08),4","CarUsage,0.02+(x*0.02),4","CO2Emissions,-0.02-(0.02*x),4","Environment,0.02+(0.02*x),4","AsthmaEpidemic,-0.02-(0.02*x),4","GDP,0.01+(0.01*x),2",,
,,,,,,,,,,,,,,,,,,,,,,,,,,,,
,,,,,,,,,,,,,,,,,,,,,,,,,,,,
,,,,,,,,,,,,,,,,,,,,,,,,,,,,
,,,,,,,,,,,,,,,,,,,,,,,,,,,,
#,PetrolTax,Petrol Tax,tax,"Taxing fuel can be a huge source of income for a government, and can also be seen as a 'green' policy by encouraging people to drive less, or to use more fuel efficient cars. Critics suggest that this is just another cynical tax on the motorist, and some complain that the alternative (public transport) is not a viable option for everyone.",,30,30,30,10,TAX,0,0,,1,1150,21045,"CarUsage,0+(1.0*x)",#Effects,"CarUsage,0.00-(0.40*x),4","Motorist,0.00-(x^5)","Environmentalist,0.00+(0.20*x)","GDP,-0.13*(x^7),2","Motorist_income,0-(0.15*x)","Motorist_freq,0-(0.16*x)",,,,
#,PhoneTapping,Wire Tapping,phonetapping,"From a law and order perspective, wire tapping is an essential weapon in the fight against organized crime and terrorism. The problem is that it's difficult to prevent misuse of such a system, and liberals are keen to point out how widespread wire tapping is a very sinister sign of a police state.",,5,15,5,2,LAWANDORDER,10,40,,3,0,0,,#Effects,"Liberal,0-(0.5*x^2)","CrimeRate,-0.05-(0.10*x),4","_security_,(0.075+0.1*x)",,,,,,,
,,,,,,,,,,,,,,,,,,,,,,,,,,,,
#,PoliceDrones,Police Drones,default,"Unmanned aerial reconnaissance vehicles, similar to remote control planes which can be employed by the police force. The 'eye in the sky' is a useful way to keep track of mobs and rioters, and allows for subtle yet effective surveillance. The police see it as a vital tool for modern crime fighting, but there are concerns that this is a step further towards a big-brother style surveillance society where everyone is tracked.",,2,5,2,2,LAWANDORDER,500,1400,,4,0,0,,#Effects,"CrimeRate,-0.08-(0.05*x)","ViolentCrimeRate,-0.02-(0.05*x)","_security_,0.03+(0.03*x)","Liberal,0-(0.1*x)",,,,,,
#,PoliceForce,Police Force,default,"Every government needs to employ a police force to ensure order is kept and laws are obeyed, but it's a matter of debate exactly how much should be spent on the police. Some favor a large force with police on every street corner, other prefer a more low-key and tolerant approach.",,0,40,5,20,LAWANDORDER,300,5000,"_default_,0.9;Wages,-0.1+(0.2*x)",6,0,0,,#Effects,"CrimeRate,-0.1-(0.3*x),4","ViolentCrimeRate,-0.05-(0.2*x),3","DrugCrimeRate,0-(0.1*x),3","Conservatives,0.05+(0.2*x)","StateEmployees,0+(0.14*x)","StateEmployees_freq,0.01+(0.09*x)","StateEmployees_income,0+(0.1*x)","Unemployment,0-(0.05*x)",,
#,PollutionControls,Pollution Controls,pollutioncontrols,"Restrictions on what chemicals and emissions can be released into the atmosphere. Controls reduce pollution and increase health, possibly at the cost of economic competitiveness.",,20,5,10,2,ECONOMY,10,24,,4,0,0,,#Effects,"Environment,0.1+(0.2*x),12","GDP,0-(0.05*x),4","CO2Emissions,-0.05-(0.14*x),12","Environmentalist,0.05+(0.05*x)","Capitalist,-0.02-(0.18*x)",,,,,
#,PrisonerTagging,Prisoner Tagging,default,"A high tech alternative to incarceration that allows people to re-integrate with the community upon release from prison, whilst allowing law enforcement authorities to keep a close eye on them.",,2,15,2,5,LAWANDORDER,16,32,,1,0,0,,#Effects,"CrimeRate,-0.01-(0.04*x),4","ViolentCrimeRate,-0.05-(0.05*x)",,,,,,,,
#,Prisons,Prisons,default,"Some argue that providing the minimum number of bare, cold cells is the only provision that needs to be made for those who have broken the law. Others suggest that spending more money allows for prisoners to be rehabilitated as well as punished and reduces the chances of reoffending.",,0,20,2,5,LAWANDORDER,100,4000,,6,0,0,,#Effects,"PrisonPopulation,-0.05-(0.95*x)","CrimeRate,-0.1-(0*x),8","ViolentCrimeRate,-0.1-(0*x),8","Unemployment,0-(0.1*x)","StateEmployees_freq,0.01+(0.09*x)",,,,,
,,,,,,,,,,,,,,,,,,,,,,,,,,,,
#,PropertyTax,Property Tax,tax,"Property tax is a tax levied on the value of homes. The valuation is often made by a government body, and the money is used to fund local government services (at least in part) such as the provision of street lighting and emergency services. Some see it as a fair tax which mostly affects those who own large homes and are wealthy, others see it as an unfair tax on retired people with large homes but little actual income.",,20,10,20,5,TAX,0,0,,2,1150,12650,"GDP,0.5+(0.5*x)",#Effects,"_MiddleIncome,-0.02-(0.18*x)","_HighIncome,0-(0.05*x)","MiddleIncome,-0.05-(0.25*x)","Wealthy,0-(x^11)","Retired,0-(0.28*x)","Socialist,0+(0.15*x)","Capitalist,0-(0.15*x)","Farmers,0-(0.05*x)",,
#,PublicLibraries,Public Libraries,default,"Public libraries provide a number of services, acting as a focus for communities, providing access to information and literature to those on low incomes, and enabling people to learn new skills outside the normal educational establishment.",,5,5,5,2,PUBLICSERVICES,50,800,,4,0,0,,#Effects,"Education,0.02+(0.05*x),4","Equality,0.05+(0.05*x),4","Retired,0.03+(0.03*x)",,,,,,,
,,,,,,,,,,,,,,,,,,,,,,,,,,,,
#,Publictaxreturns,Public Tax Returns,taxreturns,"Unfortunately some wealthy people in our society try to avoid taxes with illegal tax evasion methods. By  making tax returns public, people can now check if someone is using loopholes or abusing the tax system. This full disclosure  will encourage support of the system, as well as reducing tax evasion and forcing everyone to be able to justify their income.",,25,5,5,2,TAX,0,0,,4,0,0,,#Effects,"Wealthy,-0.08*(x^2)","Equality,0.03*(x^0.5),8","Liberal,-0.04-(0.02*x)","TaxEvasion,-0.05-(0.15*x),4","BlackMarket,-0.1-(0.10*x),2","Socialist,0.02+(0.02*x)",,,,
#,RaceDiscriminationAct,Race Discrimination Act,default,"Prevents citizens being discriminated against purely on the basis of race, i.e. racist employment practices etc.",,15,25,20,20,LAWANDORDER,5,9,,1,0,0,,#Effects,"RacialTension,-0.05-(0.3*x),20","Liberal,0.1+(0.03*x)","EthnicMinorities,0.2+(0.1*x)","Conservatives,-0.1*(x^4)","_global_liberalism,0+(0.12*x),8",,,,,
,,,,,,,,,,,,,,,,,,,,,,,,,,,,
#,RailSubsidies,Rail Subsidies,default,"Travelling by rail is not only more environmentally sound than car travel, its much more efficient in terms of transport times and congestion. Of course that requires adequate investment over the very long term, and in the meantime, motorists take offence at subsidizing a system they do not use. It can take several years for the effects of rail investment to take effect.",,15,20,10,10,TRANSPORT,500,4800,,24,0,0,,#Effects,"RailUsage,0.00+(0.35*x),8","_LowIncome,0+(0.06*x)","_MiddleIncome,0+(0.02*x)","Unemployment,0-(0.09*x)","Commuter_income,0+(0.1*x)","Commuter_freq,0+(0.12*x),4","Commuter,0.1+(0.25*x)","Farmers,0+(0.2*x)","Farmers_freq,0+(0.05*x)",
#,RecreationalDrugsTax,Cannabis Tax,tax,"In societies that have legalized CannabisLaw such as Cannabis, there is a temptation to treat consumption of these drugs as a source of government revenue, given the claims that their consumption should be politely discouraged due to the negative effects on citizens health, in a similar way to governments taxing alcohol or tobacco.",,5,5,5,2,TAX,0,0,,1,0,5200,"CannabisUse,0+(1.0*x)",#Effects,"CannabisUse,0-(0.1*x),8","PovertyRate,0.1*(CannabisUse*x)","Poor,0-(0.2*x)",,,,,,,
#,Recycling,Recycling,recycling,"Supporters of recycling argue that dumping waste in landfills just isn't a long term solution, and the government needs to show the way by providing facilities to recycle as many waste materials as possible. This might include recycling newspapers, cardboard, bottles and even some plastics.",,10,5,2,2,ECONOMY,40,400,,5,0,0,,#Effects,"Environmentalist,0.04+(0.09*x)","Environment,0.01+(0.04*x)","Environmentalist_freq,0.02+(0.08*x),12",,,,,,,
#,RentControls,Rent Controls,default,"An alternative to state-housing is a system where the state will regulate the private-rental market in a bid to ensure the supply of affordable housing for all, even within the private sector. Capitalists will naturally see this as a distortion of the free market that will prevent enough homes being built, whereas supporters will say it prevents exploitation of the poor by greedy landlords.",,5,10,5,5,WELFARE,10,12,,1,0,0,,#Effects,"_LowIncome,0.05+(0.05*x)","_MiddleIncome,0.05+(0.15*x)","PovertyRate,-0.1*(PrivateHousing*x)","PrivateHousing,-0.1-(0.4*x)","Socialist,0.05+(0.05*x)",,,,,
#,RoadBuilding,Road Building,roadbuilding,"Although environmentalists often argue that more roads just lead to more congestion, not surprisingly this isn't how the motorist who is sat in traffic sees it. Building new roads is a very expensive and very slow process, but some suggest its vital to keep our economy functioning.",,0,60,10,10,TRANSPORT,100,5100,,16,0,0, ,#Effects,"CarUsage,0+(0.3*x),4","TrafficCongestion,0-(1*x)","Unemployment,0-(0.05*x)","Farmers,0+(0.1*x)",,,,,,
#,RoboticsResearch,Robotics Research Grants,default,"A special grant to encourage research in robotics. Robotics is a very long term area of research which will eventually bring about vast boosts in productivity, but at the same time it will reduce the amount of low or semi-skilled jobs in the economy, and thus potentially lead to higher unemployment.",,5,10,2,2,PUBLICSERVICES,100,2100,,2,0,0,,#Effects,"IndustrialAutomation,0.3*(x^1.2),16","Technology,0.01+(0.06*x),16","TradeUnionist,-0.06-(0.1*x)",,,,,,,
#,RuralDevelopmentGrants,Rural Development Grants,default,"As technology advances and more and more citizens take jobs in our cities, there is a danger that poverty and unemployment will rise to unacceptable levels in the countryside. Rural development grants do distort the free market, but they also support rural businesses and prevent poverty amongst farmers and other rural occupations.",,20,30,15,20,ECONOMY,100,4000,,6,0,0,,#Effects,"Unemployment,0.00-(0.15*x)","_LowIncome,0.02+(0.13*x)","Equality,0.00+(0.15*x)","GDP,0.00+(0.06*x),4","Farmers,0.10+(0.30*x)","Farmers_freq,0.05+(0.05*x),8",,,,
#,SalesTax,Sales Tax,salestax,"Sales tax is the classic 'regressive' tax, which means it does not take into account the ability to pay. Critics argue that this affects the poor disproportionately and thus increases inequality. Supporters argue that it is relatively easy to collect and affects everyone, and is thus fair. Businesses can be opposed to the administrative burden of the tax.",MULTIPLYINCOME,10,20,25,10,TAX,0,0,,1,575,61732,"GDP,0.5+(0.5*x);TaxEvasion,1.0-(0.05*x)",#Effects,"_LowIncome,0-(0.3*x)","_MiddleIncome,0-(0.2*x)","_HighIncome,0-(0.1*x)","PovertyRate,0+(0.3*x)","SelfEmployed,0.00-(0.21*x)","Capitalist,0.00-(0.15*x)",,,,
,,,,,,,,,,,,,,,,,,,,,,,,,,,,
#,SchoolBuses,Subsidized School Buses,default,"State subsidies for school buses ensure that every school kid has an efficient, and safe journey to school, whilst reducing the number of short 'school-run' trips carried out by parents, thus reducing traffic on the roads. Parents are also happier knowing that there are proper approved school buses.",,5,20,5,5,TRANSPORT,250,520,,2,0,0,,#Effects,"Education,0.05+(0.05*x)","BusUsage,0.1+(0.1*x),2","Equality,0.05+(0.05*x)","Parents,0.07+(0.08*x)","Farmers,0.05+(0.05*x)",,,,,
#,SchoolPrayers,School Prayers,schoolprayers,"Liberals will often argue that the education of our younger citizens should be kept entirely separate from any religious teachings. On the other hand, it's argued that some compulsory prayer in schools is a way of promoting moral values in our children.",,10,40,20,20,PUBLICSERVICES,0,0,,1,0,0,,#Effects,"Religious,0.05+(0.05*x)","Liberal,-0.05-(0.05*x)","Religious_freq,0.1+(0.4*x),16","RacialTension,0.05+(0.05*x),2",,,,,,
#,SchoolTaxCredits,School Tax Credits,default,A system of tax-reductions and credits designed to encourage people to spend their money on private education in order to reduce their tax liability. This boosts private schooling without involving the State running schools or employing teachers but it's effect is limited to those people in society earning enough to be paying tax in the first place.,,5,15,10,10,PUBLICSERVICES,200,5000,,1,0,0,,#Effects,"PrivateSchools,0+(0.4*x),2","_MiddleIncome,0+(0.08*x)","_HighIncome,0+(0.06*x)","Wealthy,0.02+(0.06*x)","MiddleIncome,0.04+(0.06*x)","Socialist,-0.01-(0.05*x)","Poor,-0.01-(0.05*x)","Capitalist,0.02+(0.04*x)",,
#,SchoolVouchers,School Vouchers,default,"A measure designed to encourage the growth of private schooling, whilst still enabling everyone to afford an education. School  vouchers are issued by the State to parents for each child which they can then spend in the private sector on education. This is a different approach to pure state schooling because with school tax credits the schools are privately run and the teachers are no longer state employees.",,5,15,5,5,PUBLICSERVICES,320,8000,"PrivateSchools,0+(1.0*x)",1,0,0,,#Effects,"PrivateSchools,0+(0.6*x),2","_LowIncome,0+(0.13*x)","_global_socialism,-0.01-(0.12*x),8",,,,,,,
#,ScienceFunding,Science Funding,sciencefunding,"In some countries, the majority of research is funded by private companies. State-sponsored science can be useful for investing in very long-term research projects or those that may not be commercially rewarding. The benefits of state sector research are freely available to the entire population, rather than patented by corporations.",,10,20,10,5,PUBLICSERVICES,85,500,,4,0,0,,#Effects,"Technology,0+(0.3*x),16","EnergyEfficiency,0.1+(0.2*x),12","GDP,0.05+(0.05*x),20","StateEmployees,0+(0.1*x)","StateEmployees_freq,0.01+(0.09*x)","Unemployment,0-(0.03*x)","Capitalist,0.05-(0.15*x)",,,
,,,,,,,,,,,,,,,,,,,,,,,,,,,,
#,SmallBusinessGrants,Small Business Grants,default,"The failure rate for small businesses is very high. In the early years of trading, a preferential government grant can be an enormous help to get a new enterprise off the ground. This can lead to a big boost to the economy, but it can also be an expensive policy with no guarantee of good results.",,5,15,2,5,ECONOMY,100,5000,"GDP,0.25+(0.75*x)",2,0,0,,#Effects,"GDP,0.01+(0.04*x),8","SelfEmployed,0.10+(0.25*x)","SelfEmployed_income,0.01+(0.14*x)","SelfEmployed_freq,0.02+(0.08*x),4","Capitalist,0+(0.1*x)","Capitalist_income,0+(0.05*x),4","_global_socialism,-0.04-(0.1*x),12","TradeUnionist_freq,-0.02-(0.04*x),4",,
#,SmartMeterProgram,Smart Meter Program,default,"By installing Smart Meters into their homes, people can save money and the environment at the same time, as it will increase the effeciency of energy used. It will take a while to convince everyone of this and it won't cause miracles, but it will save a lot of energy in the long run and help save nature for our children.",,2,5,2,2,ECONOMY,20,240,,8,0,0,,#Effects,"EnergyEfficiency,0+(0.07*x),4","Environmentalist,0.02+(0.02*x)","Environmentalist_freq,0+(0.05*x),16",,,,,,,
#,SocialJusticeFoundation,Social Justice Foundation,default,"This policy will establish a foundation that deals with the worries and problems of the poor and under-represented in our country. It will take away some of the worries these people have and gives them a better feeling of being included into society. It won't get them a better life directly, but at least some hope of a better future, and hope is very important to have.",,2,5,2,2,WELFARE,30,100,,2,0,0,,#Effects,"_global_liberalism,0.01+(0.02*x),16",,,,,,,,,
#,SpaceProgram,Space Program,spaceprogram,"Invest in your country's efforts to explore space! As well as the purely scientific benefits, a well-funded space program will boost the level of technological expertise throughout the entire economy. It will also unite the country and encourage patriotism.",,30,20,20,10,PUBLICSERVICES,100,5000,,16,0,0,,#Effects,"Patriot,0.1+(0.3*x)","Patriot_freq,0.1+(0.3*x)","Unemployment,0-(0.1*x)","StateEmployees,0.01+(0.09*x)","Technology,0.2+(0.3*x),16",,,,,
,,,,,,,,,,,,,,,,,,,,,,,,,,,,
#,StampOutRacismWeek,Stamp Out Racism Week,default,"One week of the year will be dedicated to embrace cultural and racial diversity, aiming to reduce racial tension. This includes specials in the media, small food markets with delicacies from around the world, community meetings, celebrations and friendly competitions.",,5,10,2,2,LAWANDORDER,20,80,,1,0,0,,#Effects,"RacialTension,0-(0.05*x),20","_global_liberalism,0+(0.05*x),16",,,,,,,,
#,StateHealthService,State Health Service,healthservice,"Although many citizens would be happy to pay privately for their own health treatment, there is an argument that the state has a duty to provide a minimum level of free health treatment for everyone regardless of income. Health provision can be expensive, so it's a matter of debate as to how much should be spent.",,30,50,40,30,WELFARE,3000,12000,"_default_,0.6;TobaccoUse,0+(0.16*x);Environment,0.2-(0.1*x);Alcoholism,0.1+(0.1*x);Wages,-0.1+(0.2*x)",12,0,0,,#Effects,"Health,0.1+(0.2*x),4","_LowIncome,0.2*(x-0.12)^0.2","StateEmployees_freq,0+(0.1*x)","StateEmployees_income,0+(0.09*x)","StateEmployees,0.00+(0.22*x)","Retired,0.1+(0.05*x)","Farmers,0+(0.2*x)","Capitalist,0.05-(0.05*x)","Socialist,0.05+(0.1*x)",
#,StateHousing,State Housing,default,"Some citizens prefer to own their own homes, but the cost of housing is such that a large proportion of the population live in rented accommodation. State housing is provided, at a reduced rate, to those who cannot afford to pay the market rate. This can be expensive to fund, but the social benefits are also significant.",,20,20,10,10,WELFARE,1000,8400,,16,0,0,,#Effects,"_LowIncome,0.05+(0.05*x)","PovertyRate,-0.05-(0.05*x)","Poor,0.05+(0.05*x)","Equality,0+(0.2*x)","Socialist,0+(0.2*x)","Capitalist,0-(0.1*x)","_global_socialism,0.02+(0.03*x),12",,,
#,StatePensions,State Pensions,default,"Rather than leave it up to the individual to provide for themselves after retirement, state pensions can guarantee a minimum standard of living for the elderly. Be aware that as life expectancy rises, the cost to the state of paying out pensions increases hugely. The level of state pension may encourage or discourage citizens to save into private pension plans.",,20,50,30,40,WELFARE,2500,14000,"_default_,1.0;Health,0.2*(x^6)",2,0,0,,#Effects,"Retired_income,0.1+(0.2*x)","Retired,0.2+(0.55*x)","Retired_freq,0+(0.1*x),8","PovertyRate,0.05-(0.05*x)","Poor,0.05+(0.05*x)","Capitalist,-0.02-(0.1*x)","_global_socialism,0.02+(0.02*x),12",,,
#,StateSchools,State Schools,stateschools,"Free education for all ensures high levels of literacy and can be beneficial to the economy, especially those parts of the economy requiring a skilled workforce. The flipside of this is that state education can be expensive for the government. Wealthy individuals, not making use of state schools, may resent subsidizing them.",,30,40,30,30,PUBLICSERVICES,1000,10200,"_default_,1.0;Wages,-0.1+(0.2*x)",12,0,0,,#Effects,"Poor,0.04+(0.11*x)","Socialist,0.00+(0.20*x)","Education,0.1+(0.3*x),8","PovertyRate,-0.05-(0.05*x)","StateEmployees,0.00+(0.14*x)","Unemployment,0-(0.19*x)","StateEmployees_freq,0+(0.1*x)","StateEmployees_income,0+(0.09*x)","_global_socialism,0+(0.03*x),12",
#,StemCells,Stem Cell Research,default,"A stem cell is a primitive type of cell that can be developed into most of the types of cells found in the human body. Some scientists claim that stem cell research offers great hope for curing diseases such as diabetes and multiple sclerosis. However, because stem cells are taken from discarded human embryos, many 'pro-life' and religious groups oppose their usage.",,30,10,20,5,PUBLICSERVICES,20,160,,4,0,0,,#Effects,"GDP,0.03+(0.035*x),22","Religious,-0.17-(0.1*x)","Conservatives,-0.02-(0.04*x)","Health,0.01+(0.02*x),16","Technology,0.02+(0.04*x)",,,,,
#,SuperstoreTax,Superstore Tax,tax,"Superstores may be convenient for out citizens, but they have many negative effects, they encourage car journeys, rather than supporting local shops, and their dominance is encouraging a society dominated by big business, with no room for the small family owned store. They should be taxed to reflect the harm they do to the fabric of our society.",,20,10,5,5,TAX,0,0,,1,400,5000,"GDP,0.5+(0.5*x);",#Effects,"Capitalist,-0.04-(x*0.09)","GDP,-0.01-(x*0.01),4","SelfEmployed,0.06+(x*0.12)","SelfEmployed_freq,0.04+(x*0.08),8","CarUsage,-0.03-(x*0.03),8","Environmentalist,0.03+(0.04*x)","Socialist,0.03+(0.06*x)",,,
#,SyntheticMeatResearchGrants,Synthetic Meat Research Grants,default,"Overfarming, droughts and population growth result in increases in meat prices. Synthetic production can make meat affordable for the masses. Farmers are opposed, as food production moves from the field to the lab.",,20,15,20,10,ECONOMY,90,1300,"_default_,1.0;StemCells,-0.3*(x^0.8)",12,0,0,,#Effects,"FoodPrice,-0.02-(0.08*x),12","Farmers_freq,-0.02-(0.03*x),8","Farmers_income,0-(0.05*x),14","Environmentalist,-0.05-(0.05*x)",,,,,,
,,,,,,,,,,,,,,,,,,,,,,,,,,,,
#,TaxShelters,Tax Shelters,default,"By not fully taxing the wealth of the super-rich, tax shelters can be a great way to encourage successful entrepreneurs to make our country their home. With an ever-shrinking world, the rich are free to settle wherever they please. encouraging them to live here may mean that they spend their wealth in this country. Such measures can be very unpopular with the poor, who resent paying tax on their much lower earnings.",,2,20,2,10,TAX,100,400,,1,0,0,,#Effects,"Wealthy,0.20+(0.30*x)","Socialist,-0.20-(0.40*x)","Equality,-0.10-(0.30*x),4","Capitalist,0+(0.14*x)","_HighIncome,0+(0.20*x)","GDP,0+(0.1*x),8","ForeignRelations,-0.08*(x^3)",,,
,,,,,,,,,,,,,,,,,,,,,,,,,,,,
#,TechnologyGrants,Technology Grants,default,"The government can provide state funding to encourage business to invest in new and exciting technologies. Although this helps give us a competitive advantage and can create jobs, it can be argued that its an unnecessary distortion of the market.",,10,20,5,5,PUBLICSERVICES,450,4600,"GDP,0.25+(0.75*x)",2,0,0,,#Effects,"Unemployment,0.00-(0.05*x),6","Technology,0.05+(0.12*x),12","GDP,0.0+(0.02*x),16","WorkerProductivity,0.00+(0.07*x),8","Capitalist,0.03+(0.08*x)",,,,,
#,TelecommutingInitiative,Telecommuting Initiative,default,"Telecommuting, or 'working from home' is seen as desirable because it reduces the pressure on the transport infrastructure, and can be an improvement to people's quality of life. This policy offers tax incentives to companies supporting this option.",,5,5,2,2,TRANSPORT,110,900,"GDP,0.4+(0.6*x)",1,0,0,,#Effects,"CarUsage,-0.05-(0.1*x),4","Commuter,0.05+(0.15*x)","Commuter_freq,-0.05-(0.1*x),4","Farmers,0.1+(0.2*x)","Parents,0.07+(0.08*x)","TradeUnionist,0.05+(0.05*x)",,,,
#,TobaccoLaw,Tobacco Law,tobaccolaw,"German scientists identified a link between tobacco smoking and lung cancer in the late 1920s, leading to the first anti-smoking campaign in modern history. British researchers later demonstrated a clear relationship between smoking and cancer. Evidence continued to mount in the 1980s, which prompted political action against the practice.",,10,10,5,5,LAWANDORDER,0,0,,1,0,0,,#Effects,"TobaccoUse,-0.05-(0.75*x),8","DrugCrimeRate,0.25*(x*TobaccoUse),4","Parents,0.1+(0.1*x)","Young,-0.05-(0.05*x)","Conservatives,0.1*(x^4)","Liberal,-0.1*(x^4)",,,,
#,TobaccoTax,Tobacco Tax,tax,"Despite the failure of tobacco companies to admit it, there is good reason to believe that smoking has negative effects on health. This is used as a justification for taxing tobacco. Cynics point out that the government benefits hugely from a tax on a product it is supposedly against. Health campaigners encourage the tax as a way to encourage a more healthy population",,5,20,25,10,TAX,0,0,,1,115,8418,"TobaccoUse,0+(1.0*x)",#Effects,"TobaccoUse,0-(0.1*x),8","PovertyRate,0.1*(TobaccoUse*x)","_LowIncome,-0.1*(TobaccoUse*x)",,,,,,,
#,TollRoads,Toll Roads,default,"Toll roads charge motorists to use specific roads (normally major highways). This is a great example of directly applying market forces, by only charging those who use a particular route for the construction and maintenance of that route. Motorists tend to see this as just another form of taxation, whereas commuters appreciate not being charged for roads they seldom use.",,5,15,5,10,TRANSPORT,0,0,,12,11.5,140.3,"CarUsage,0+(1.0*x)",#Effects,"CarUsage,0.00-(0.05*x)","TrafficCongestion,0-(0.15*x)","Motorist_income,-0.05-(0.1*x)","Motorist,0.00-(0.25*x)","Capitalist,0.05+0.2*(CarUsage*x)",,,,,
,,,,,,,,,,,,,,,,,,,,,,,,,,,,
#,TourismAdCampaign,Tourism Ad Campaign,default,"Tourism is not only a source of income for many people and businesses, it also strengthens foreign relations. This campaign will run in foreign countries, showing our most beautiful places, important sights to see, wonderful people to meet, tasty beers to drink and maybe even throws in a few free tickets to museums and shows, all in the hopes of attracting more people to visit us.",,2,2,1,1,FOREIGNPOLICY,40,110,,2,0,0,,#Effects,"Tourism,0+(0.08*x),4","ForeignRelations,0+(0.04*x),4",,,,,,,,
#,TradeCouncil,Trade Council,default,"It has always been a hassle to find trustworthy trading partners in foreign countries. With the establishment of the Trade Council, this will become easier now, as potential trade partners are listed here and make offers themselves. This will increase international trade and boost the economy.",,2,5,2,2,FOREIGNPOLICY,30,110,,2,0,0,,#Effects,"InternationalTrade,0.01+(0.03*x),8","ForeignRelations,0+(0.04*x),8",,,,,,,,
#,Tradeunionbansatcompanies,Trade Union Restrictions,unionban,"Companies face a lot of challenges in our modern times. Trade Unions often add to these challenges with their demands and needs, so banning these organizations will help the management focus on making the company competitive and maximize earnings. Of course the workers still have their rights, they just have to earn them without the backing of a wasteful institution.",,15,15,10,10,ECONOMY,0,0,,4,0,0,,#Effects,"TradeUnionist,-0.04-(0.32*x)","Capitalist,0.02+(0.07*x)","WorkerProductivity,0.01+(0.07*x),4","_global_socialism,0+(x*-0.10),8","TradeUnionist_freq,-0.1-(x*0.98)^2,4","WorkingWeek,0.12*(x^2),4","Wages,0-(0.07*x),4",,,
#,UnemployedBenefit,Unemployed Benefit ,default,Unemployment benefit is a state benefit given to everyone who is able to work but cannot find employment. Socialists regard this as a minimum safety net for workers out of work because of the whims of the economy. Some believe that high unemployment benefits distort the market and discourage people from seeking work.,,25,20,15,10,ECONOMY,500,5440,"Unemployment,0+(1.0*x)",1,0,0,,#Effects,"Capitalist,-0.01-(0.08*x)","Unemployment,0+(0.1*x),8","Poor,0.1+(0.3*x)","Socialist,0+(0.15*x)","PovertyRate,-0.5*(Unemployment*x)","_LowIncome,0+(0.15*x)",,,,
#,UniversityGrants,University Grants,universitygrants,"Although not all citizens will pursue a university education, governments can provide subsidies to students to encourage a more educated workforce. University grants also ensure equality of opportunity, as in their absence the cost of a university education can be beyond the reach of working class families.",,10,10,5,2,PUBLICSERVICES,200,2600,,2,0,0,,#Effects,"Education,0.00+(0.25*x),16","StateEmployees,0.00+(0.18*x)","_MiddleIncome,0+(0.06*x)","_LowIncome,0+(0.06*x)","Parents,0.02+(0.02*x)","Young,0.04+(0.17*x)","Young_income,0.08+(0.12*x)",,,
#,VerticalFarmSubsidies,Vertical Farm Subsidies,default,Farmland is getting rare but recent inventions in architecture and agriculture could easily be bundled to make vertical farming in cities feasible. Food production in vertical farms requires more resources but reduced transport costs mitigate that problem.,,15,25,10,10,ECONOMY,400,3000,,6,0,0,,#Effects,"FoodPrice,-0.05-(0.2*x),6","Farmers_freq,-0.02-(0.03*x),3","Farmers_income,0-(0.05*x),14","TrafficCongestion,0-(0.04*x),8",,,,,,
#,WealthTax,Wealth Tax,tax,"There is nothing wrong with wealth as such, but inequality in our society is bad enough that we must be seen to do something to ensure those with the highest levels of income bear their share of the costs of maintaining a healthy society. It is entirely reasonable to set a tax rate that takes away the majority of income above extremely high levels, as this money is so much more appreciated by those on lower incomes.",MULTIPLYINCOME,30,5,10,2,TAX,0,0,,1,120,20000,"_HighIncome,0.05+(0.95*x)",#Effects,"_HighIncome,0-(x*0.75)","Wealthy,0-(x*0.3)","Capitalist,-0.09*(x^2)","Socialist,0.18*(x^2)","_global_socialism,0.065*(x^2),8","BrainDrain,0.15*(x^2),4","CorporateExodus,0+(0.2*x),8",,,
#,WelfareFraudDept,Welfare Fraud Dept.,welfarefraud,"When government gives so much money out in welfare payments, it's essential that the money is correctly targeted and not exploited by people making spurious claims. A dedicated fraud department will detect false claimants, recover lost money and reassure middle income tax payers that their taxes are being spent wisely, although it can antagonize legitimate claimants.",,5,10,2,2,WELFARE,120,155,,3,115,800,"ChildBenefit,0+(0.25*x);DisabilityBenefit,0+(0.25*x);StateHousing,0+(0.25*x);UnemployedBenefit,0+(0.25*x)",#Effects,"Poor,-0.03-(0.06*x)","Conservatives,0.05+(0.07*x)","MiddleIncome,0.03+(0.06*x)",,,,,,,
#,WitnessProtectionProgram,Witness Protection Program,default,"What good is catching a criminal if the witness to the crime disappears forever? Protecting these witnesses is of utmost importance for a working justice system, and the better it is, the more criminals get convicted and the more witnesses come forward if they see a crime.",,2,10,1,1,LAWANDORDER,40,160,,4,0,0,,#Effects,"ViolentCrimeRate,0-(0.1*x)","Organised Crime,0-(0.1*x),12",,,,,,,,
#,WorkSafetyLaw,Work Safety Law,default,"Work safety law, often known as 'health and safety' is a series of measures to ensure employees are not at risk from injury in their day-to-day activities. Trade unionists often hail such laws as a valuable defense against unscrupulous employers who may put lives at risk. Many business leaders are concerned at the high levels of bureaucracy and restrictive practices that can result from such laws, which they see as a burden on business.",,10,5,5,2,ECONOMY,10,55,,1,0,0,,#Effects,"TradeUnionist,0.04+(0.06*x)","TradeUnionist_freq,0.02+(0.02*x)","SelfEmployed,-0.05-(0.08*x)","SelfEmployed_freq,-0.02-(0.08*x)","WorkerProductivity,-0.01-(0.02*x),4","Health,0.01+(0.02*x)",,,,
#,YoungEntrepreneurScheme,Young Entrepreneur Scheme,default,"This Scheme is to help and support young people who are aiming to become businessmen in the future. By giving them opportunities to learn from veterans and detailed information about what to do and who to ask, this will increase happiness amongst capitalists, as they see their future secured.",,2,5,2,2,ECONOMY,20,80,,2,0,0,,#Effects,"Capitalist,0.03+(0.03*x)","Young,0+(0.04*x)","_global_socialism,0-(0.07*x),24",,,,,,,
#,YouthClubSubsidies,Youth Club Subsidies,default,"Free youth clubs ensure that teenagers have a 'place to go' which can help them to stay out of trouble, and in the long run, reduce the incidence of street crime. It can be resented by some wealthier taxpayers, who see it as an unnecessary expense, paid for by their taxes.",,2,5,2,2,LAWANDORDER,12,220,,2,0,0,,#Effects,"Parents,0.06+(0.05*x)","Socialist,0.04+(0.02*x)","CrimeRate,-0.03-(0.03*x),8","Young,0.03+(0.08*x)","Young_income,0.02+(0.06*x)",,,,,
#,YouthPoliticsCouncil,Youth Politics Council,default,"In any democracy it is of utmost importance to teach our kids how politics work and what can be achieved through it. By establishing Youth Politics Councils, youths can get first hand experience on a local and regional level, see that they can make a difference and perhaps the leaders of tomorrow are being recruited here.",,2,2,1,1,PUBLICSERVICES,40,120,,2,0,0,,#Effects,"Young,0.01+(0.04*x)",,,,,,,,,
