,,,,,,,,positive,start trigger,stop trigger,,,,,,,,,,,,,,,,,,,,,
#,_DirtRoads,Roads Needed,We need to build roads to effectively transport people and goods.,TRANSPORT,icons_roadbuilding.dds,We need to build roads to effectively transport people and goods.,DirtRoads Ends,0,0.99,0.4,0,0,"_default_,1.0",,"RoadBuilding,-0.1-(1.1*x)",#,"Commuter,0-(0.25*x)","Motorist,0-(0.25*x)","GDP,0-(1*x)","CarUsage,-0.1-(0.1*x)",,,,,,,,,,,
#,_Militia,Police Needed,"A civilian militia provides some security, though less effectively than an organized military or police force.",LAWANDORDER,icons_policeforce.dds,"A civilian militia provides some security, though less effectively than an organized military or police force.",Militia Ends,0,0.75,0.25,0,0,,,"CrimeRate,0+(x*1),4","ViolentCrimeRate,0+(x*1),4","PoliceForce,0-(0.5*x),8","MilitarySpending,0-(0.25*x),8","HandgunLaws,0-(1*x),8",#,"CrimeRate,0-(0.5*x)","ViolentCrimeRate,0-(0.6*x)","_All_,0-(0.4*x)","Conservatives,0-(0.25*x)",,,,,,,
#,_NewColony,New Colony,New Colony,FOREIGNPOLICY,icons_immigration.dds,NewColony Starts,NewColony Ends,1,0.05,0.04,0,10000,"_year,1-(0.15*x)",,#,"_All_,0+(x^0.6)","Unemployment,0-(x^2)","Environment,0.6*(x^2)","Wages,0.3*(x^2)","CO2Emissions,-0.6*(x^2)",,,,,,,,,,,
#,_WeaponLawNeeded,Weapon Law Needed,We need to determine what types of weapons civilians can use.,LAWANDORDER,icons_handgunlaws.dds,We need to determine what types of weapons civilians can use.,WeaponLawNeeded Ends,0,0.99,0.4,0,0,"_default_,1.0",,"HandgunLaws,-2+(0*x)",#,"Liberal,0-(0.25*x)","Conservatives,0-(0.25*x)","Patriot,0-(0.25*x)",,,,,,,,,,,,
#,AccurateWeatherForecasts,Weather Prediction Technology,"New developments in satellite technology and quantum computing have lead to predictable weather forecasts. Farmers profit most from this development, but the tourism industry will also benefit through better event scheduling and preparation.",PUBLICSERVICES,sit_icons_weatherprediction.dds,Scientists announced that recent breakthroughs in quantum computing will lead to more accurate weather reports than ever.,Recent changes in weather behavior pose new challenges for simulation. Weather reports have returned to traditional arbitrariness.,1,0.6,0.4,0,0,,,"_prereq_,SpaceProgram","Technology,0+(0.12*x),8","SpaceProgram,0+(0.4*x),24","MilitarySpending,0.1*(x^3),12","_year,0+(0.02*x)",#,"Farmers,0.23+(0.06*x)","_All_,0.03+(0.04*x)","Tourism,0+(0.15*x)",,,,,,,,
,,,,,,,,,,,,,,,,,,,,,,,,,,,,,,,
#,Antibiotics-ResitantBacteria,Antibiotics-Resistant Bacteria,"Antibiotic resistance has become a significant problem. The over-use of antibiotics in both healthcare and the food chain has led to a range of antibiotic resistant bacteria, bringing back illness and disease that we had once considered cured.",WELFARE,sit_icons_antibioticresistance.dds,The WHO has issued a worldwide warning of outbreaks of antibiotics-resistant bacteria.,New inventions in medicine have reduced the dependence on antibiotics.,0,0.6,0.4,0,0,"_default_,0.1",,"Environment,0-(0.2*x)","_Lifespan,0+(0.3*x)","AntibioticsBan,-0.2-(0.4*x),8","Technology,0+(0.2*x),4","_year,0+(0.005*x)",#,"Parents,-0.4-(0*x)","Health,0-(0.21*x)",,,,,,,,,
#,AntisocialBehaviour,Antisocial Behavior,"Vandalism, public nuisance, petty street crime, these are all the results of an antisocial 'loutish' behavior that has become commonplace on our streets. Often linked to consumption of alcohol, and not helped by insufficient levels of police on the streets, Antisocial behavior causes stress for many of our citizens.",LAWANDORDER,sit_icons_antisocialbehaviour.dds,Police chiefs and community leaders have reported a widespread problem of antisocial behavior. ,Crime statisticians are pleased to report that the extent of antisocial behavior in our nation has fallen considerably and it is no longer a major cause of crime.,0,0.6,0.4,0,0,"_default_,0",,#,,,,,,,,,,,,,,,,
#,ArmedReligiousCommunities,Armed Religious Communities,"Some religious communities all over the country have begun to arm themselves and take justice into their own hands. This situation causes concern and unrest amongst both moderate religious people, and non-believers, leading to a rise in sectarian violence and criminal behavior.",LAWANDORDER,sit_icons_armedreligiouscommunities.dds,Some religious communities all over the country have begun to arm themselves and take justice into their own hands.,"After raising awareness and having an open dialogue, the majority of the armed communities have been pacified and disarmed, no longer posing a threat to others.",0,0.7,0.5,0,0,,,"CrimeRate,0+(0.4*x)","HandgunLaws,0.3-(0.6*x),4","Religious,0.1-(x*1)*Religious_perc",#,"_Terrorism,0.04+(0.08*x),2","RacialTension,0+(0.3*x),2","ViolentCrimeRate,0+(0.1*x)","Tourism,0-(0.03*x),3",,,,,,,,,
#,ArmedRobbery,Armed Robbery,"Our country is seen as a safe place for people to carry out armed robbery, with little chance of being caught by the police. This wave of armed robbery stretches from high street banks to the local corner shop.",LAWANDORDER,sit_icons_armedrobbery.dds,An epidemic of armed robbery is sweeping the nation.,Great news from the bureau of crime statistics! There has been a noticeable fall in the incidence of armed robberies. Our shopkeepers will be breaking out the champagne!,0,0.6,0.4,0,0,"_default_,0",,#,,,,,,,,,,,,,,,,
#,AsthmaEpidemic,Asthma Epidemic,"Asthma and other lung diseases are a serious problem amongst our citizens. Not only does this obviously severely impact their quality of life, but its also reducing our productivity, and filling our hospital beds. Poor air quality, possibly caused by factory pollution and car fumes, together with smoking are the likely causes.",WELFARE,sit_icons_asthmaepidemic.dds,"An asthma epidemic is sweeping through the nation's children, asthma is now a common problem.",Good news on the health front! Doctors are happy to report that asthma levels have dropped significantly and are back to acceptable levels.,0,0.6,0.4,0,0,"_default_,0.8",,"Environment,0-(0.6*x)","CarUsage,0 + (0.2*x)",#,"WorkerProductivity,-0.02-(0.03*x)","Parents,-0.4-(0*x)",,,,,,,,,,,,
#,BlackMarket,Black Market,"Every economy has a black market, but the situation has started to get out of control. People are increasingly working for cash in order to dodge paying income and corporation tax, and people who are claiming state benefits are also working and not declaring the income. This may be a sign that the citizens consider themselves over taxed and not sufficiently supported by the state.",TAX,sit_icons_blackmarket.dds,Fraud experts at the tax office tell you that we have a significant 'black market' with people avoiding paying the correct amount of tax,Official tax department reports indicate a significant drop in the size of the 'black market' of untaxed work. A smaller black market will have a beneficial knock-on effect on the crime rate.,0,0.5,0.4,0,0,,,"CorporationTax,0+(0.3*x),4","IncomeTax,-0.13+(0.72*x),4","UnemployedBenefit,0-(0.2*x)","SalesTax,0+(0.34*x),4",#,"CrimeRate,0.05+(0.05*x)","IncomeTax_income,1.0-(0.03*x)","SalesTax_income,1.0-(0.03*x)","CorporationTax_income,1.0-(0.03*x)",,,,,,,,
#,BrainDrain,Brain Drain,Our tax system is encouraging the best and brightest entrepreneurs to leave the country altogether and make money elsewhere. As a result we are losing out both on their knowledge and skills and also the potential tax revenue from them and their companies. This may be a sign that we are overtaxing the wealthy and successful.,PUBLICSERVICES,sit_icons_braindrain.dds,"There has been a sudden huge leap in the number of our skilled citizens leaving the country to work elsewhere, tempted by better prospects abroad.",The 'Brain Drain' is coming to an end as we persuade our best and brightest citizens to make this country their home. This will keep businesses happy and no doubt boost our GDP.,0,0.6,0.4,0,0,,,"IncomeTax,1.0*(x^5)","LuxuryGoodsTax,0+(0.5*x),4","TaxShelters,-0.2-(0.3*x),4",,#,"GDP,0-(0.05*x),2","Capitalist_freq,0-(0.15*x)",,,,,,,,,,
#,ClassWarfare,Class Warfare,"Inequality has grown so stark that people have actually taken to the streets to redress the difference between rich and poor. Burning cars, smashed windows, angry mobs, this is a sign of society literally collapsing around us.",ECONOMY,sit_icons_classwarfare.dds,"Violent gangs have taken the issue of 'class war' to the streets, with major companies and wealthy areas being the target of violence and vandalism.","Security chiefs report that the class-war that has plagued our streets is now over. This is great news as it means less crime, and obviously our wealthier citizens will be especially relieved that this threat is over.",0,0.5,0.4,0,0,,,#,,,,,,,,,,,,,,,,
#,ContagiousDisease,Contagious Disease,Our population is falling for a highly contagious illness that is keeping record numbers of people away from work. This is obviously going to have a negative effect on the economy as well as reducing everyone's quality of life.,WELFARE,sit_icons_contagiousdisease.dds,A highly contagious and disabling disease has taken hold amongst our population. This is probably attributable to poor levels of public health or possibly high pollution.,The contagious disease that has ravaged our population has finally been eliminated thanks to excellent work by doctors and scientists. You can now leave your home again!,0,0.6,0.4,0,0,"_default_,0.6",,"Environment,1-(1*x),2","StateHealthService,0-(0.4*x)","PrivateHealth,0-(0.4*x)","ScienceFunding,0-(0.4*x),2","FoodStandards,0-(0.2*x)","AntibioticsBan,0-(0.2*x)",#,"WorkerProductivity,0-(0.05*x)","Tourism,0-(0.2*x)","Health,0-(0.1*x)","_Lifespan,0-(0.2*x)","_All_,0-(0.1*x)",,,,,
#,CorporateExodus,Corporate Exodus,Our lack of business friendly policies are forcing international companies to close down factories and offices and move their business to other countries.,ECONOMY,sit_icons_corporateexodus.dds,There are concerns that a large number of companies are leaving the country,Concerns about a corporate exodus from our country have subsided.,0,0.6,0.4,0,0,,,"LabourLaws,-0.3+(0.6*x),4","CorporationTax,0+(0.9*x),4","WorkSafetyLaw,0.1+(0.1*x),4","MaternityLeave,0.02+(0.03*x),4","CarbonTax,0.02+(0.04*x),4","TaxShelters,-0.05-(0.15*x),4",#,"GDP,-0.05-(0.27*x)","Capitalist,-0.08-(0.08*x)",,,,,,,,
#,CyberWarfare,Cyber Warfare,"Our nation suffers from a serious problem of deliberate cyber-warfare conducted by a combination of rival governments, criminal organizations and international terror groups. By paralyzing our internet infrastructure, these attacks can cause widespread chaos. There is also a problem of trade secrets being stolen by foreign companies which will affect our competitiveness abroad and thus our GDP.",FOREIGNPOLICY,sit_icons_cyberwarfare.dds,"We have been alerted to a significant problem of cyber warfare against our businesses and infrastructure, which is having a damaging effect on our economy.",Our experts are glad to announce that the threat of cyber-warfare against our nation is now greatly reduced.,0,0.55,0.45,0,0,,"_NewColony,0-(x^10)","GDP,-0.3+(1.0*x),4","Technology,-0.3+(0.65*x),8","ForeignRelations,0.27-(x*0.75)","InternetCensorship,0-(0.22*x),4","IntelligenceServices,-0.5*(x^4),6",,"MilitarySpending,-0.1*(x^8)",#,"GDP,0-(0.05*x)",,,,,,,,
#,Cyclones,Severe Weather,"The frequency and strength of floods, droughts, and other severe weather events have increased dramatically. Crop loss and devastation are the result, with a terrible impact on the income for farmers, and an increase in the level of public concern about the environment.",ECONOMY,sit_icons_cyclones.dds,"Meteorologists have announced that severe weather is ahead, likely fueled by rising average temperatures.",Meteorologists announce that the worst effects of climate change are under control and extreme weather conditions have returned to normal levels.,0,0.6,0.55,0,0,,,"AverageTemperature,0.40+(0.50*x),12","ClimateChangeAdaptionFund,0-(0.2*x)",#,"Environmentalist,-0.1-(0.1*x)","Environmentalist_freq,0.1+(0.1*x)","Farmers,-0.12-(0.2*x)","Farmers_income,0.0-(x^3),4","Farmers_freq,0.0-(0.08*x),6","FoodPrice,0+(0.06*x),2","GDP,0-(0.03*x)","Tourism,0-(0.05*x),2",,,,,,
#,DebtCrisis,Debt Crisis,"Our level of government debt has started to cause severe fiscal problems. The governments debt has pushed interest rates so high that mortgage costs are becoming unaffordable for the middle classes. At the same time, fears about a possible government default on it's debts are driving away business investment from overseas, affecting our GDP, and these fears are also affecting small and large business alike. ",TAX,sit_icons_debtcrisis.dds,The country is now in the middle of a debt crisis.,Concerns about government debt levels are now lowering.,0,0.6,0.4,0,0,,,"_global_interest_rates_,0.2*(x^4)","_effectivedebt_,0+(x^4)",#,"Capitalist,-0.3-(0.5*x)","SelfEmployed,-0.3-(0.25*x)","MiddleIncome,-0.2-(0.3*x)","_MiddleIncome,-0.2-(0.4*x)","_All_,-0.2-(0.2*x)","GDP,-0.2-(0.2*x),2","Immigration,0-(0.25*x)",,,,,,,
#,DoctorsStrike,Doctors Strike,"It takes a lot for medical professionals to refuse to work, but the state of our health provision and the salaries of our health workers has resulted in a national health strike. This has an immediate and devastating effect on those who use the health services regularly.",WELFARE,sit_icons_doctorsstrike.dds,"Doctors and other health workers are on strike, protesting about government policies.","The health workers strike has been called off, and the doctors have returned to work.",0,0.6,0.4,0,0,"_default_,0.7",,"_prereq_,StateHealthService","StateHealthService,-0.65*(x^7),8","Unemployment,0-(x^4)","LabourLaws,-0.2+(0.4*x)","PrivateHealth,-1*(x^4)","TradeUnionist_perc,0+(0.15*x)","Wages,0.1-(0.1*x),2",#,"Parents,0-(0.4*x)","Health,-0.22-(0.1*x)","ContagiousDisease,0+(0.12*x),2",,,,,,
#,DroneWars,Drone Protests,"Protests against domestic drone surveillance and drone strikes in foreign countries have turned violent. For now, the protests focus on key institutions and high tech companies but the costs for the public are already immense.",FOREIGNPOLICY,sit_icons_droneprotests.dds,The state police warns you that protests against drone strikes and drone surveillance are getting more frequent.,Protests against drone strikes and drone surveillance have been contained. Violent protesters are getting prosecuted.,0,0.6,0.4,0,0,"_default_,0.1",,#,,,,,,,,,,,,,,,,
,,,,,,,,,,,,,,,,,,,,,,,,,,,,,,,
#,Alcoholism,Alcohol Abuse,We have a serious problem with people consuming alcohol in large quantities. This is obviously bad for their health but its also leading to crime and disorder in our cities. ,WELFARE,sit_icons_alcoholism.dds,A new problem of 'Alcohol Abuse' where our citizens consume unhealthy amounts of alcohol has started to cause problems on our streets.,The phenomena of 'Alcohol Abuse' has apparently subsided.,0,0.6,0.4,0,0,,"_NewColony,0-(x^4)","AlcoholUse,0.01+(0.09*x)","Health,0-(0.1*x)","_LowIncome,0.3*(1-x)^2","_MiddleIncome,0.3*(1-x)^10","_HighIncome,0.3*(1-x)^10","Unemployment,0+(0.2*x)","WorkingWeek,0+(0.2*x)","Equality,0-(0.2*x)",#,"Parents,0-(0.2*x)","ViolentCrimeRate,0+(0.1*x)",,,,,,
#,DrugAddiction,Drug Addiction,Hard drugs are being traded freely on our streets. Our young citizens especially are becoming addicted to dangerous drugs. This is likely to fuel crime as well as being a disaster for the future health of our citizens.,WELFARE,sit_icons_drugaddiction.dds,Recent studies indicate a serious problem with addiction to hard drugs amongst our population.,"The level of drug addiction within the population has dropped back to negligible levels. This is likely to cause a drop in crime levels, which will make everyone happy.",0,0.6,0.35,0,0,,"_NewColony,0-(x^4)","CannabisUse,0.01+(0.09*x)","Health,0-(0.4*x)","_LowIncome,0.2*(1-x)^2","_MiddleIncome,0.2*(1-x)^10","_HighIncome,0.2*(1-x)^10","Unemployment,0+(0.1*x)","WorkingWeek,0+(0.4*x)","Equality,0-(0.2*x)",#,"Parents,0-(0.2*x)","CrimeRate,0+(0.1*x)",,,,,,
#,Suicide,Suicide,"Suicide is one of the leading causes of death in our nation. Risk factors include mental disorders, substance abuse, stress, and access to methods of suicide.",WELFARE,icons_deathpenalty.dds,A suicide epidemic is sweeping the nation.,Great news from the department of health! There has been a noticeable fall in the incidence of suicide across the nation.,0,0.6,0.4,0,0,,"_NewColony,0-(x^2)","HandgunLaws,0.4-(x^4)*0.5,4","Health,0-(0.3*x)","ExtremePoverty,0+(0.3*x),8","_MiddleIncome,0.2*(1-x)^10,8","_HighIncome,0.2*(1-x)^10","Unemployment,0+(0.5*x),4","WorkingWeek,0+(0.4*x),8","AlcoholUse,0+(0.2*x),8","Religious_perc,0-(0.2*x)",#,"_Lifespan,0-(0.2*x)","WorkerProductivity,0-(0.1*x)","Religious_freq,0+(0.1*x)",,,,
#,EgalitarianSociety,Egalitarian Society,"Understanding our different backgrounds better and better these days due to cultural exchanges and education, people are now treating each other equally, blurring and even erasing the lines between different races, genders and beliefs. Living in such a society makes people very happy and less likely to cause harm to others.",WELFARE,sit_icon_egalitariansociety.dds,The dawn of a new era is upon us. Our Society has become more equal and accepting than ever before. This makes many people happy.,"It was a great time of equality, but everything has to end eventually. People are more concerned with their own lives and worries again and less so to make others feel accepted and welcome.",1,0.7,0.55,0,0,,,"RacialTension,0.4-(0.8*x)","Equality,-0.2+(x^4)","Education,0+(0.25*x)",#,"WorkerProductivity,0+(0.05*x)","_All_,0+(0.2*x)",,,,,,,,,,,
#,ExtremeNationalism,Extreme Nationalism,"With a rise in patriotic feelings across the country, extremists have begun to publicly blame foreigners and ethnic minorities for these problems, demanding jobs for people that have been living in our country for generations first. Lacking hope and education, many people have begun to believe in these extremists, causing increased violence and racial tensions nationwide.",LAWANDORDER,sit_icon_extremenationalism.dds,"Using the despair and fear of the people, patriotic extremists are recruiting more and more people to their cause, which leads to an increase in racial tensions nationwide.","Workshops, outreach programs and better education have helped keeping people from bad nationalist influences, thus making our country a better and safer place again.",0,0.6,0.4,0,0,,,"RacialTension,0+(0.5*x)","Immigration,0+(0.5*x)","Education,0-(0.4*x)",#,"ForeignRelations,0-(0.06*x)","ViolentCrimeRate,0+(0.1*x)","RacialTension,0+(0.2*x),2","Immigration,0-(0.2*x),4","Tourism,0-(0.2*x),3",,,,,,,,
#,ExtremePoverty,Extreme Poverty,"It is never easy to be poor, but in our country the situation is as bad as it can get for them. Immense poverty has lead to starving people on the streets, begging for food and sleeping in dark corners and deserted buildings. Because of this, crime and alcohol consumption has increased and poor people are suffering from bad health.",WELFARE,icons_povertyrate.dds,"As poverty increases, people are starting to lose hope, are forced to sleep in the streets, have to beg in the streets and consume more alcohol to numb their suffering.","While many of the poorer people in our country still are in a bad situation, a rise in the economy, donations, government programs and community workers have made it bearable again for most.",0,0.6,0.4,0,0,,"_NewColony,0-(x^10)","_LowIncome,1*(1-x)^10",#,"_global_socialism,0+(0.2*x),4","Health,0-(0.1*x)","CrimeRate,0+(0.1*x)","Religious_freq,0+(0.2*x),4",,,,,,,,,,,
#,Flooding,Flooding,Melting ice caps and rising sea levels are flooding our coastal cities.,ECONOMY,icons_climatechangeadaptionfund.dds,Melting ice caps and rising sea levels are flooding our coastal cities.,We solved the flooding problem.,0,0.2,0.1,0,0,"_default_,0",,"AverageTemperature,0+(1*x)","ClimateChangeAdaptionFund,0-(0.8*x)",#,"GDP,0-(0.5*x),4","InternationalTrade,0-(0.5*x),4","Environmentalist_freq,0+(1*x),4",,,,,,,,,,,
#,Foodcrisis,Food Crisis,"Food prices have reached a critical point, driven by poor farm yields and overpopulation. Somehow we need to increase food supply, reduce demand or mitigate the impact of the prices for the poorest members of society.",ECONOMY,sit_icons_foodcrisis.dds,The price of food has increased significantly over the past months. Tabloids are already calling it a food crisis.,Food prices have returned to normal levels.,0,0.6,0.55,0,0,,,"FoodPrice,0.0+(1.0*x)","FoodStamps,0.0-(0.1*x)",#,"Health,0-(0.08*x),12","WorkerProductivity,0-(0.10*x)","CrimeRate,0.0+(0.06*x)","StateHealthService_cost,0+(0.10*x)","Poor,0.3-(x^2)","AntisocialBehaviour,0.1+0.3*(x^2)",,,,,,,,
#,GeneralStrike,General Strike,"Widespread dissatisfaction with the government has led to trade unions calling a general strike. Although not everyone in the country is withholding their labor, a number of key industries are crippled by this strike which will be disastrous both economically and politically.",ECONOMY,sit_icons_generalstrike.dds,"A general strike has been called, with tens of thousands of our citizens walking out of their jobs to protest against the government. This could cripple our economy.","Thankfully the general strike has been called off and our citizens are returning to work, this is great news for the economy!",0,0.6,0.4,0,0,,,"_LowIncome,0-(1*x)","LabourLaws,-0.2+(0.4*x)","ExtremePoverty,0+(0.5*x)","Unemployment,0-(1*x)","TradeUnionist_perc,-1+(2*x)","Socialist_perc,-0.2+(0.4*x)",#,"GDP,0-(0.1*x)","Conservatives,0-(0.1*x)","_global_socialism,0-(0.2*x),12","TradeUnionist_perc,0-(0.5*x)",,,,,,
#,Ghettos,Ghettos,"A combination of immigration, street crime and racial tension has led to our communities splintering into ghettos for different racial groups, which is a sad reflection on the state of our society.",LAWANDORDER,sit_icons_ghettos.dds,A worrying phenomena of racial ghettos is becoming apparent in our country. It is a concern that people from ethnic minorities are clustering together for their own safety in fear of crime.,"The problem of racial ghettos has eased in our country, with people of all races living happily side by side.",0,0.6,0.4,0,0,,,"RacialTension,0+(0.5*x),16","Immigration,0+(0.5*x),8",#,"Equality,0-(0.1*x),4","Immigration,0-(0.5*x),8","Liberal,0-(0.1*x)","EthnicMinorities,0-(0.2*x)","StreetGangs,0+(0.1*x),12","Religious_freq,0+(0.1*x),4",,,,,,,,
#,Gridlock,Gridlock,"Chronic congestion leading to virtual paralysis of the transport infrastructure. There comes a point where traffic congestion is so bad, nobody can get anywhere!",TRANSPORT,sit_icons_gridlock.dds,Traffic congestion has reached a state of permanent gridlock.,"The traffic gridlock has now eased and average speeds are faster than a snails pace again, so commuters and motorists will be very relieved. This also means learning to drive will no longer seem futile for our citizens.",0,0.6,0.4,0,0,,,"TrafficCongestion,0+(x^4)",#,"Commuter,-0.2-(0.5*x)","Motorist_freq,-0.09-(0.05*x)","Motorist,-0.5-(0.35*x)","GDP,0-(0.05*x)",,,,,,,,,,,
#,HighProductivity,High Productivity,"Our workforce are extremely productive, producing a higher amount of practically everything in comparison with our competitors. This is great news for the future of our economy.",ECONOMY,sit_icons_highproductivity.dds,Business pundits report that our companies are highly efficient and productive in comparison with competing nations.,"Our workers' productivity has fallen and sadly, we are no longer considered to be a nation with especially high productivity. Global corporations may rethink setting up factories here, and this will adversely affect our economy.",1,0.6,0.4,0,0,,,"WorkerProductivity,0.95*(x^2)",#,"GDP,0.04+(0.03*x)","SelfEmployed,0+(0.1*x)","Capitalist,0+(0.1*x)","SelfEmployed_income,0+(0.08*x)",,,,,,,,,,,
#,Homelessness,Homelessness,"More and more of our citizens are homeless and have taken to sleeping in the streets. This is having knock-on effects in the areas of crime and violent crime, and is also reducing everyone's quality of life. Something needs to be done to provide homes for these people!",WELFARE,sit_icons_homelessness.dds,"We now have a homelessness problem. Many of our cities have people sleeping in the streets, often begging for money.","We no longer have a problem with homelessness and people sleeping on our streets. This will cheer up our more liberal citizens, socialists, and of course the poorer members of our society.",0,0.6,0.4,0,0,"_default_,0.1",,"ExtremePoverty,0+(1*x)","StateHousing,0-(1*x)","PrivateHousing,0-(0.4*x)","Unemployment,0+(1*x)","UnemployedBenefit,-1*(Unemployment*x)","MortgageTaxRelief,-0.05-(0.05*x)","Immigration,0+(0.1*x),4","Charity,0-(0.1*x)",#,"CrimeRate,0+(0.1*x)","Alcoholism,0+(0.2*x)","DrugAddiction,0+(0.2*x)","Suicide,0+(0.4*x)","Religious_freq,0+(0.2*x),4","Poor,0-(0.2*x)","MiddleIncome,0-(0.1*x)","Liberal,0-(0.2*x)"
#,HospitalOvercrowding,Hospital Overcrowding,"There simply aren't enough hospital places to go round. The problem is especially bad amongst the poor, who cannot afford private healthcare. People waiting in a queue for a vital operation are naturally not inclined to vote for your government again.",WELFARE,sit_icons_hospitalovercrowding.dds,Doctors complain that our hospitals are seriously overcrowded. The media is reporting cases where patients are kept waiting for long periods.,Hospital bed occupancy rates have fallen and doctors are pleased to report that there are no longer unacceptable waiting lists for routine operations. Hurrah!,0,0.6,0.4,0,0,"_default_,0.6","_NewColony,0-(x^10)","Immigration,0+(0.2*x)","Health,0+(0.12*x)","StateHealthService,-0.05-(0.55*x)","ViolentCrimeRate,0+(0.2*x)","PrivateHealth,0-(0.30*x)",#,"Parents,-0.2-(0.5*x)","Retired,-0.2-(0.45*x)","ContagiousDisease,0+(0.1*x)",,,,,,,,
#,InnerCityRiots,Riots,"The citizens have taken to the street to voice their concerns. There are violent protests and riots taking place all over the country. The policing cost in the short term is extremely high, but in the medium term this is a sign that your government has become highly unpopular with certain groups.",LAWANDORDER,sit_icons_innercityriots.dds,Riots have broken out in our inner cities. Something needs to be done to get the situation under control before our cities collapse into anarchy!,The riots in our inner cities have been bought under control by the police. Our citizens can live free of the worries of violence and looting in their communities!,0,0.6,0.4,0,0,,"_NewColony,0-(x^4)","_Terrorism,0+(0.2*x)","Unemployment,0+(0.5*x)","ExtremePoverty,0+(0.25*x)","Equality,-0.01-(0.5*x)","RacialTension,0.01+(0.5*x)","CCTVCameras,0-(0.1*x)","ArmedPolice,-0.1-(0.1*x)","Curfews,-0.2-(0.3*x)","PoliceDrones,-0.1-(0.05*x)",,#,"_All_,0-(0.1*x)","CrimeRate,0+(0.1*x),2","Immigration,0-(0.25*x),4","Tourism,0-(0.5*x)",,
#,InternetCrime,Internet Crime,With our high levels of Internet usage and other technological items we are seeing a sharp rise in Internet Crimes. Computer viruses that no longer simply break the target computer but hide themselves and steal the users private information until detected (often to steal bank passwords or commit identity fraud) or hijack that computer and use it to perform further crime that's difficult to trace back to the original source.,LAWANDORDER,sit_icons_internetcrime.dds,Reports indicate that internet crime is becoming quite common.,The instances of internet crime within our country have fallen dramatically and are no longer a major concern.,0,0.6,0.4,0,0,,,"Technology,0.85*(x^2),4","CrimeRate,0+(x*0.25)","OrganisedCrime,0+(0.11*x)","InternetCensorship,-0.2-(0.2*x),6",,"IntelligenceServices,-0.3*(x^3),10",#,"GDP,0-(0.05*x)","_security_,-0.01-(0.05*x)","Capitalist,0-(0.1*x)","MiddleIncome,0-(0.1*x)","Wealthy,0-(0.1*x)",,,,,
#,LudditeRiots,Luddite Riots,The increasing level of automation in our society has led to high concern for jobs. The result is a wave of luddite-style violence and sabotage against high tech corporations who have automated peoples jobs.,ECONOMY,sit_icons_ludditeriots.dds,A new manifesto published on a trade union-related website calls for widespread civil unrest directed at the increasing levels of automation.,An agreement with trade unions and protesters that allows high-tech factories to commence production has been reached.,0,0.6,0.4,0,0,"_default_,0.3",,"_prereq_,RoboticsResearch","Unemployment,0+(0.3*x),4","TradeUnionist_perc,0.00+(0.1*x)","IndustrialAutomation,0.0+(0.6*x),2","Technology,0+(0.15*x)","Wages,0-(0.2*x)","Education,0-(0.1*x)",#,"WorkerProductivity,0-(0.12*x)","CrimeRate,0+(0.16*x)","ViolentCrimeRate,(0+(0.10*x)","BrainDrain,0+(0.21*x),2",,,,,
#,MassShootings,Mass Shootings,"Indiscriminate mass shootings occur frequently in our nation. Forensic experts identify the primary motiviation is extreme anger, particularly when shooters think they are working for a cause.",LAWANDORDER,sit_icons_armedrobbery.dds,Mass shootings are sweeping the nation.,There has been a noticeable fall in the incidence of mass shootings across the nation.,0,0.6,0.4,0,0,,"_NewColony,0-(x^4)","HandgunLaws,0.6-(1.8*x)^2","_Terrorism,0+(0.75*x),4","Unemployment,0+(0.25*x),4","Suicide,0+(0.25*x),4",#,"_All_,0-(0.2*x)",,,,,,,,,,,
#,Obesity,Obesity,"Too many of our citizens are eating badly, possibly due to an abundance of junk food at cheap prices. This will have knock on effects for lifespan and for healthcare costs.",WELFARE,sit_icons_obesity.dds,"There is a worrying trend of obesity amongst our citizens, which will shorten peoples lifespan and increase health costs.",We are happy to report that the obesity problem now seems to be under control.,0,0.6,0.4,0,0,"_default_,0.5","_NewColony,0-(x^10)","FoodPrice,0-(1*x)","_LowIncome,0+(0.2*x),8","_MiddleIncome,0+(0.6*x),8","_HighIncome,0+(0.2*x),8",,"StateHealthService,-0.2*(x^6),12","PrivateHealth,-0.15*(x^6),12","JunkFoodTax,-0.2-(0.1*x),10","HealthFoodSubsidies,-0.2-(0.1*x),9",#,"Health,0-(0.15*x)","_Lifespan,0-(0.15*x)","StateHealthService_cost,0.05+(0.15*x),6",,,,
#,Oligarchy,Oligarchy,"An oligarchy exists when power rests with a small number of people. These people might be distinguished by nobility, wealth, family ties, education or corporate, religious or military control. Such states are often controlled by a few prominent families who typically pass their influence from one generation to the next.",ECONOMY,icons_equality.dds,"An oligarchy exists when power rests with a small number of people. These people might be distinguished by nobility, wealth, family ties, education or corporate, religious or military control. Such states are often controlled by a few prominent families who typically pass their influence from one generation to the next.",Oligarchy Ends,0,0.6,0.4,0,0,,"_NewColony,0-(x^2)","Equality,1-(1*x),16","Education,0-(0.25*x)","InheritanceTax,-0.05-(0.45*x),16","WealthTax,-0.05-(0.2*x),16",#,"GDP,0-(0.1*x)","Poor,0-(0.2*x)","MiddleIncome,0-(0.1*x)","Wealthy,0+(0.2*x)","Socialist,0-(0.2*x)",,,,,,,
#,OrganisedCrime,Organized Crime,"Large organized gangs of serious criminals are now targeting our country. We do not have the resources to deal with them, and they are causing serious problems including higher levels of street crime and violent crime, as well as supplying drugs and guns.",LAWANDORDER,sit_icons_organisedcrime.dds,The serious crime dept. has reported that we now have a major problem with organized crime.,"The police have now cracked the problem with organized crime, and the crime lords are now behind bars.",0,0.6,0.4,0,0,"_default_,0.5",,"StreetGangs,0+(0.2*x),4","LegaliseProstitution,-0.05-(0.2*x)","Gambling,-0.05-(0.2*x)","DrugCrimeRate,0+(1*x)","IntelligenceServices,0.05-(0.1*x)","PhoneTapping,0.05-(0.2*x)","ArmedPolice,0.05-(0.05*x)","PoliceDrones,-0.05-(0.15*x)",#,"ViolentCrimeRate,0+(0.3*x)","Conservatives,0-(0.15*x)",,,,,,
#,PetrolProtests,Petrol Protests,"High levels of fuel tax have led to a small number of highly vocal citizens staging street protests and demonstrations at both gas stations and the depots from which fuel tankers are dispatched. This is resulting in queues at some gas stations and total closures at others.  Business will suffer badly if drivers cannot fill their tanks, and motorists are not surprisingly outraged.",TAX,sit_icons_petrolprotests.dds,Protesters have gathered outside petrol depots to protest about petrol prices. They are interrupting the supply of petrol to petrol stations.,"The petrol protestors have stopped their protests and the tankers are travelling freely again. This will be both good news for the economy, and it will cheer up everyone who was inconvenienced.",0,0.6,0.4,0,0,,,"PetrolTax,0+(0.8*x),1","ExtremePoverty,0+(0.1*x)","Curfews,0-(0.4*x)",,"OilPrice,-0.1+(0.2*x)",#,"GDP,-0.1-(0.2*x)","_All_,-0.1+(0*x)","Motorist,-0.2-(0.2*x)","CarUsage,-0.26-(0*x)",,,,,,,
#,Pollution,Pollution,"Without enough measures in place to regulate what gets pumped into the air, we have ended up with high levels of pollution. This affects our health levels and quality of life. Not surprisingly environmentalists are especially upset.",WELFARE,sit_icons_pollution.dds,We have a serious pollution problem. This could lead to health problems.,"Environmental experts tell us that the country's pollution problem is now under control, our citizens no longer need to wear facemasks when cycling to work!",0,0.6,0.4,0,0,,,"Environment,1.0-(1.0*x)",#,"Environmentalist,0-(0.2*x)","Environmentalist_freq,0.1+(0.1*x)",,,,,,,,,,,,,
#,PrisonsFull,Prison Overcrowding,Prison Overcrowding,LAWANDORDER,icons_prisons.dds,Prison Overcrowding starts,Prison Overcrowding stops,0,0.6,0.4,0,0,,,,#,"ViolentCrimeRate,0+(0.1*x)","RacialTension,0+(0.1*x)","Liberal,0-(0.1*x)","Conservatives,0-(0.1*x)",,,,,,,,,,,
#,RaceRiots,Race Riots,"Our streets are awash with violent clashes between different ethnic groups, meaning many of our citizens are afraid to go out at night. This also looks terrible to overseas visitors or businesses considering setting up in our country.",LAWANDORDER,sit_icons_raceriots.dds,"Race riots have broken out on our streets, a symptom of the serious deterioration of race relations.",The problem with race riots has now been bought under control.,0,0.6,0.4,0,0,,,#,,,,,,,,,,,,,,,,
#,Rail Strike,Rail Strike,"Rail employees are not turning up to work. They are asking for greater investment in the rail network. Our rail system is currently paralyzed which is causing total mayhem for business, and huge resentment amongst commuters.",TRANSPORT,sit_icons_railstrike.dds,A major rail strike is now underway.,"The rail strike is over and the trains are moving again at last! Obviously commuters will be relieved, and so will businesses who ship freight by train, which is good news for the economy.",0,0.6,0.4,0,0,"_default_,1.0",,"_prereq_,RailSubsidies","RailSubsidies,0-(1.0*x),8","_LowIncome,0-(0.2*x)","LabourLaws,-0.3+(0.3*x)","Unemployment,0-(x^7)",#,"Commuter,-0.4*(RailUsage*x)","GDP,-0.16*(RailUsage*x)",,,,,,,,,
#,Rareearthcrisis,Rare Earth Crisis,Rare earth metals are necessary for a wide range of high tech products. Prices for these elements have risen significantly leading to supply bottlenecks and black markets. This crisis has a significant impact on productivity and our economy.,ECONOMY,sit_icons_Rareearthcrisis.dds,Economists warn you that the increased dependence on rare earth metals is leading to shortages in supply,"With the supply of rare earths secured, prices for these precious materials have stabilized.",0,0.6,0.4,0,0,"_default_,0.1",,"_year,0+(0.02*x)","Technology,0.8*(x^3.7),6","ForeignRelations,-0.2*(x^0.4)","GreenElectronicsInitiative,-0.05-(0.15*x),4","Recycling,0-(0.1*x),4",#,"WorkerProductivity,-0.05-(0.05*x),2","GDP,0-(0.08*x)","TechnologicalAdvantage,0-(0.12*x)","Uncompetitive Economy,0+(0.10*x)",,,,,,,
#,Realestatebubble,Real Estate Bubble,"A combination of limited housing supply and rising population, together with property speculation has resulted in huge increases in housing costs. Current prices have made housing unaffordable for the young and the poor.",ECONOMY,sit_icons_realEstagePricesTooHigh.dds,Real estate speculation is booming! Housing prices in urban areas are skyrocketing and there is no limit in sight.,Real estate prices have returned to levels that allow the general population to afford suitable homes for their families.,0,0.6,0.4,0,0,"_default_,0.2",,"StateHousing,0-(0.3*x),2",,"RentControls,0.0-(0.17*x)","Capitalist_perc,0.0+(0.08*x)","Immigration,0+(0.2*x)","_year,0+(0.005*x)","GDP,0+(0.3*x)","MortgageTaxRelief,0-(0.12*x)",#,"_LowIncome,0-(0.1*x)","_MiddleIncome,0-(0.08*x)","_HighIncome,0+(0.12*x),2","Homelessness,0.1+(0.15*x),2","Young,0-(0.1*x)","Poor,0-(0.1*x)",,
#,SkillsShortage,Skills Shortage,Businesses tell us that they simply can not find enough skilled and trained people to employ. The modern economy is increasingly skills-based and our citizens just aren't educated enough to take their place in the modern workforce. This is going to have a negative impact on the economy.,PUBLICSERVICES,sit_icons_skillsshortage.dds,Business leaders have complained that we simply do not have enough highly skilled workers to fill job vacancies.,Business leaders inform you that there is no longer a noticeable skills shortage in the economy. Our citizens are now sufficiently educated and trained to provide for the economies needs.,0,0.6,0.4,0,0,"_default_,0.75","_NewColony,0-(x^10)","Education,0-(0.4*x)","AdultEducationSubsidies,0-(0.2*x),8","UniversityGrants,0-(0.2*x)","Immigration,0-(0.2*x)","Technology,0.25*(x^2)",#,"GDP,0-(0.1*x)",,,,,,,,,,
#,StreetGangs,Street Gangs,"Street gangs are an ever more common sight on the streets of our cities. Although not all street gangs are involved in violence, some are, and there must be something that our teenage citizens could be doing rather than loitering on street corners?",LAWANDORDER,sit_icons_streetgangs.dds,"Police chiefs report a significant new problem in terms of street gangs, often related to violent crime.","At a recent press conference, our Chief of Police was happy to report that the earlier problem of 'street gangs' is now under control, which means less crime, and happier citizens.",0,0.6,0.4,0,0,,"_NewColony,0-(x^4)","ExtremePoverty,0+(0.5*x),4","Unemployment,0.01+(0.2*x),2","Homelessness,0+(0.2*x),2","RacialTension,0.01+(0.4*x),2","CommunityPolicing,-0.01-(0.2*x),4","PoliceForce,-0.01-(0.1*x),4","PoliceDrones,-0.1-(0.1*x),2","ArmedPolice,0.2-(0.2*x),2","CCTVCameras,-0.05-(0.05*x),2",#,"ViolentCrimeRate,0+(0.2*x)","EthnicMinorities,0-(0.1*x)","Conservatives,0-(0.1*x)","_global_liberalism,0-(0.1*x)",,,
#,TaxEvasion,Tax Evasion,"There is always a small section of society determined to avoid paying their fair share of taxes, but tax evasion has turned into an epidemic, with inspectors unable to cope with the number of scams and evaders.",TAX,sit_icons_taxevasion.dds,Tax inspectors report a surge in tax evasion with large sums of money going unpaid.,The level of tax evasion in the economy has declined back to acceptable levels. This is great news because we will take more money in from taxes without the negative political effects of raising the levels.,0,0.6,0.4,0,0,"_default_,0.3",,"CorporationTax,0.3*(x^2),4","IncomeTax,0.5*(x^2),4","CapitalGainsTax,0.12*(x^2),4","FlatTax,0.6*(x^4),4","SalesTax,0.22*(x^2),4",#,,,,,,,,,,,
#,TeacherShortage,Teacher Shortage,We just don't have enough people wanting to work in our schools. We probably need to invest more money if we are going to be able to keep classroom sizes small and ensure our children get a decent education. Right now children just aren't learning the way they should.,PUBLICSERVICES,sit_icons_teachershortage.dds,Head Teachers complain to you that there simply aren't enough teachers to educate our younger citizens.,"The earlier problems with a shortage of teachers have now eased considerably. Children no longer have to learn everything from cartoons and comics, which will mean higher literacy rates and happier parents.",0,0.6,0.4,0,0,"_default_,1.0",,"_prereq_,StateSchools","StateSchools,0-(0.51*x)","Immigration,0-(0.49*x)","PrivateSchools,0-(0.51*x)","Unemployment,0-(0.1*x)","UniversityGrants,0+(0.05*x)",#,"Education,-0.1-(0.1*x)","Parents,-0.1-(0.3*x)",,,,,,,,
#,TeachersStrike,Teachers Strike,"The teachers union has called for a national strike, which means our young citizens aren't receiving an education right now. Naturally, parents are outraged and businesses will be concerned that the future workforce isn't getting a real education.",PUBLICSERVICES,sit_icons_teachersstrike.dds,Teachers and other education workers have walked out on strike in protest against the government.,Great News! The teachers strike has been called off and the children can now return to school. Don't expect them to be happy about it though…,0,0.6,0.4,0,0,"_default_,0.88",,"_prereq_,StateSchools","Unemployment,0-(x^2),8","StateSchools,0-(0.66*x)","UniversityGrants,0-(0.14*x)","LabourLaws,-0.2+(0.4*x)","PrivateSchools,0-(0.73*x)","TradeUnionist_perc,0+(0.15*x)","Wages,0.1-(0.1*x),2",#,"Parents,0-(0.4*x)","Education,-0.05-(0.05*x)",,,,,,
#,TechnologicalAdvantage,Technological Advantage,It looks like our country is leading the world in a number of major areas of science and technology. This is great news for our economy as it means we have a major advantage over our competitors.,PUBLICSERVICES,sit_icons_technologicaladvantage.dds,Technology experts inform you that this country has a significant technological advantage over its less tech-savvy competitors.,"Recent reports show that our country has lost its technological 'edge', and we are now outclassed in technological terms by other countries. This is likely to cause a negative effect on our GDP.",1,0.6,0.4,0,0,"_default_,0",,"Technology,0+(0.2*x)","ScienceFunding,0+(0.2*x),16","SpaceProgram,0+(0.2*x)","AsteroidMining,0+(0.2*x)","StemCells,0+(0.2*x),12",,#,"GDP,0+(0.05*x)","WorkerProductivity,0+(0.05*x)","TechnologyBackwater,-1.0-(0*x)",,,,,,,
#,TechnologyBackwater,Technology Backwater,"Our industry is based too much on old technology, and this is hurting our competitiveness abroad, and therefore affecting the countries GDP and wealth. We need to make some serious investment in technology and hi-tech skills if we are to lift our economy up to match our competitors.",PUBLICSERVICES,sit_icons_technologybackwater.dds,Our economy is outdated in terms of technology which is having a bad effect on our competitiveness.,"Great news! The center for technology and business has announced that our nation is no longer perceived as being 'backwards' in technological terms. This will be welcome news for the economy, as it opens up opportunities for technology investment.",0,0.6,0.4,0,0,"_default_,1.0","_NewColony,0-(x^4)",,"Technology,0-(0.2*x)","ScienceFunding,0-(0.2*x),16","SpaceProgram,0-(0.2*x)","AsteroidMining,0-(0.2*x)","StemCells,0-(0.2*x),12",,#,"GDP,0-(0.05*x)","WorkerProductivity,0-(0.05*x)","TechnologicalAdvantage,-1.0-(0*x)",,,,,,
#,Uncompetitive Economy,Uncompetitive Economy,"Our workers lack of relative productivity and competitiveness is causing our exports to fall and flooding our country with cheap imports made overseas, with lower wages, harder working and more technologically savvy employees. This is having a negative effect on our economy, as our local companies cannot compete globally.",ECONOMY,sit_icons_uncompetitiveeconomy.dds,Economic advisors are concerned by the lack of competitiveness of our companies in global markets.,The earlier problems of a lack of competitiveness by our companies has now subsided.,0,0.6,0.4,0,0,"_default_,0.8","_NewColony,0-(x^4)","CorporationTax,0+(0.2*x)","CapitalGainsTax,0+(0.2*x)","WorkerProductivity,0-(0.8*x)",#,"GDP,0-(0.34*x)^1.52","Capitalist,-0.04-(0.06*x)",, ,,,,,,,,,
#,VirtualRealityMarketLeader,Virtual Reality Market Leader,"With virtual reality tech startups on every corner, our country has reached the status of a world leader of VR. The military is excited about the new possibilities and the VR economy is booming.",ECONOMY,sit_icons_vrmarketleader.dds,"Tech companies are focusing on virtual reality. Head-mounted displays are finally state of the art in gaming, education, military training, data visualization and natural sciences. A host of new inventions triggers a golden age of VR.",Other countries have caught up and are starting to offer virtual reality technology at comparable rates.,1,0.6,0.4,0,0,"_default_,0",,"MilitarySpending,0+(0.5*x),4","Technology,-0.2+(0.4*x),6","InternetCensorship,0-(0.1*x),4",#,"Capitalist,0.05+(0.08*x)","WorkerProductivity,0.05+(0.05*x)","GDP,0+(0.06*x)",,,,,,,,,,
#,Watershortage,Water Shortage,"We depleted the rivers and aquifers supplying our nation with water, making it far more difficult to raise crops.",ECONOMY,sit_icons_watershortage.dds,Meteorologists have issued a warning that increases in the average temperature is leading to instabilities of the climate. Water shortages and droughts are the result of this development.,Meteorologists inform you that water supplies for your country are under control for now.,0,0.6,0.5,0,0,"_default_,0",,"_winning_,0+(0.2*x),8","_year,0+(0.01*x)","AverageTemperature,0+(0.4*x)","ClimateChangeAdaptionFund,0-(0.4*x)","GDP,0+(0.3*x),8","AgricultureSubsidies,0+(0.4*x),4","VerticalFarmSubsidies,0+(0.2*x),4","EcoHomeRegulations,0-(0.1*x),4","Recycling,0-(0.1*x),8","PollutionControls,0-(0.3*x),8","Desalination,0.1-(0.9*x),4",#,"FoodPrice,0+(1*x),4","Environmentalist_freq,0+(0.2*x),4",,,
